longitude,latitude,altitude
37.84599,55.71012,132.0
37.84695,55.70985,133.0
37.84928,55.70915,135.0
37.84963,55.70903,136.0
37.85104,55.70853,136.0
37.85147,55.70839,138.0
37.85197,55.70825,139.0
37.85274,55.70807,136.0
37.8533,55.70794,134.0
37.85376,55.70785,135.0
37.85411,55.7078,135.0
37.85458,55.70774,136.0
37.85641,55.70754,135.0
37.85684,55.70751,134.0
37.85705,55.70751,134.0
37.85729,55.70753,133.0
37.85753,55.70755,134.0
37.85776,55.70759,136.0
37.85795,55.70764,137.0
37.85878,55.70788,139.0
37.85912,55.70796,139.0
37.85952,55.70803,140.0
37.86223,55.70827,144.0
37.8657,55.70855,143.0
37.87025,55.70886,138.0
37.87226,55.70901,138.0
37.873,55.70905,138.0
37.87357,55.70908,138.0
37.87413,55.70909,138.0
37.87474,55.7091,138.0
37.8757,55.70909,139.0
37.87703,55.70906,143.0
37.87847,55.70898,141.0
37.87901,55.70895,141.0
37.87962,55.70889,141.0
37.8803,55.70882,141.0
37.88053,55.70878,140.0
37.88114,55.70865,141.0
37.88501,55.70765,138.0
37.88585,55.70748,140.0
37.88623,55.70742,142.0
37.88701,55.70731,143.0
37.88756,55.70726,143.0
37.88799,55.70723,142.0
37.88836,55.70722,142.0
37.88879,55.70721,142.0
37.8896,55.70721,140.0
37.89021,55.70723,140.0
37.8907,55.70726,141.0
37.89125,55.70732,142.0
37.89181,55.70739,140.0
37.89259,55.70753,139.0
37.89326,55.70769,139.0
37.89393,55.70788,140.0
37.89522,55.70827,143.0
37.89604,55.70851,141.0
37.89665,55.7087,141.0
37.89737,55.7089,141.0
37.89767,55.70897,142.0
37.89845,55.7091,143.0
37.89908,55.70916,142.0
37.90029,55.70926,141.0
37.90148,55.70928,136.0
37.90453,55.70919,137.0
37.90717,55.70915,136.0
37.90817,55.70914,135.0
37.90914,55.70916,136.0
37.9099,55.70918,137.0
37.91048,55.70921,138.0
37.91103,55.70927,140.0
37.91176,55.70937,138.0
37.91231,55.70948,136.0
37.91292,55.7096,136.0
37.91339,55.70972,137.0
37.91388,55.70987,138.0
37.9145,55.71009,139.0
37.91497,55.71027,139.0
37.91542,55.71048,139.0
37.91588,55.71071,139.0
37.91653,55.71109,137.0
37.91697,55.71141,138.0
37.91852,55.71273,141.0
37.91885,55.71299,139.0
37.91971,55.71361,139.0
37.92052,55.7141,139.0
37.9212,55.71443,138.0
37.92185,55.71472,141.0
37.92244,55.71494,142.0
37.92306,55.71514,143.0
37.92382,55.71535,140.0
37.92455,55.71551,140.0
37.92528,55.71567,140.0
37.92602,55.71579,142.0
37.92693,55.7159,141.0
37.92744,55.71594,140.0
37.92851,55.716,139.0
37.92951,55.71602,140.0
37.9369,55.71608,135.0
37.93789,55.71606,137.0
37.93894,55.71603,135.0
37.93983,55.71597,134.0
37.94066,55.71588,134.0
37.94163,55.71575,133.0
37.94263,55.71559,133.0
37.94315,55.71549,134.0
37.94537,55.71496,136.0
37.94917,55.71388,135.0
37.95076,55.7134,132.0
37.95478,55.71222,126.0
37.95733,55.71145,123.0
37.96061,55.71036,124.0
37.96139,55.71015,124.0
37.96185,55.71005,124.0
37.96221,55.70999,124.0
37.96295,55.70987,125.0
37.96352,55.70981,125.0
37.96394,55.70978,125.0
37.96478,55.70976,125.0
37.9654,55.70978,123.0
37.96641,55.70985,122.0
37.96729,55.70994,124.0
37.96821,55.71005,126.0
37.97081,55.71041,125.0
37.97284,55.71067,125.0
37.97625,55.71115,133.0
37.97731,55.71127,132.0
37.97836,55.71138,134.0
37.97933,55.71146,137.0
37.98088,55.71154,140.0
37.98255,55.7116,141.0
37.98414,55.71163,141.0
37.98536,55.71162,142.0
37.98647,55.71161,142.0
37.98731,55.71157,143.0
37.98866,55.7115,144.0
37.99045,55.71135,141.0
37.99226,55.71111,142.0
37.99375,55.71086,139.0
37.99466,55.71065,134.0
37.99591,55.71033,125.0
37.9972,55.70994,124.0
37.99886,55.70936,124.0
38.00072,55.70876,122.0
38.00346,55.70785,141.0
38.00424,55.70762,142.0
38.00509,55.70738,141.0
38.00592,55.70717,140.0
38.00677,55.70697,140.0
38.00777,55.70678,142.0
38.00884,55.70662,140.0
38.00985,55.70651,141.0
38.011,55.70643,139.0
38.01208,55.70638,135.0
38.01308,55.70637,134.0
38.01412,55.70638,131.0
38.01514,55.7064,127.0
38.01602,55.70646,122.0
38.01704,55.70654,119.0
38.01774,55.70665,122.0
38.01912,55.70686,133.0
38.0203,55.70711,137.0
38.02091,55.70725,138.0
38.02405,55.7081,129.0
38.02653,55.70879,127.0
38.02825,55.70924,125.0
38.02889,55.70938,126.0
38.02953,55.7095,125.0
38.03055,55.70965,126.0
38.03188,55.70983,122.0
38.03311,55.70991,121.0
38.03435,55.70994,121.0
38.03545,55.70994,121.0
38.03813,55.70996,123.0
38.03869,55.70999,122.0
38.03925,55.71003,124.0
38.04057,55.71017,127.0
38.04117,55.71025,127.0
38.04176,55.71035,125.0
38.04291,55.71055,124.0
38.04407,55.71082,127.0
38.04516,55.71111,125.0
38.04651,55.71156,125.0
38.04709,55.71176,123.0
38.04793,55.71208,122.0
38.04965,55.71277,124.0
38.05128,55.7134,124.0
38.05199,55.71362,125.0
38.0525,55.71377,124.0
38.05405,55.71419,125.0
38.05494,55.7144,125.0
38.05587,55.7146,125.0
38.05739,55.71487,125.0
38.05941,55.71521,125.0
38.06038,55.71535,124.0
38.06135,55.71549,123.0
38.06335,55.71574,125.0
38.06519,55.71591,127.0
38.06703,55.71604,134.0
38.06869,55.71612,131.0
38.07038,55.71617,130.0
38.07193,55.71618,132.0
38.07418,55.71616,131.0
38.07651,55.71607,135.0
38.08205,55.7158,134.0
38.08574,55.71562,144.0
38.0894,55.71543,139.0
38.0912,55.71535,137.0
38.093,55.71526,141.0
38.09601,55.71511,152.0
38.09896,55.71498,151.0
38.10032,55.71494,150.0
38.10169,55.71492,150.0
38.10269,55.71492,140.0
38.10435,55.71496,138.0
38.10519,55.71499,139.0
38.10735,55.71511,137.0
38.10838,55.71518,138.0
38.11074,55.7154,137.0
38.11178,55.71551,140.0
38.11366,55.71578,137.0
38.11483,55.71594,137.0
38.11611,55.71615,137.0
38.11753,55.7164,138.0
38.11897,55.71671,134.0
38.12018,55.71698,138.0
38.12117,55.71722,140.0
38.12332,55.71776,146.0
38.12444,55.71801,148.0
38.12509,55.71813,146.0
38.12573,55.71823,143.0
38.12656,55.71834,141.0
38.12749,55.71846,143.0
38.12891,55.71857,141.0
38.13032,55.71866,141.0
38.1312,55.71876,144.0
38.13205,55.71887,143.0
38.13352,55.71913,138.0
38.13426,55.71927,135.0
38.13506,55.71946,136.0
38.13613,55.71973,138.0
38.13664,55.71988,140.0
38.13706,55.72003,140.0
38.13799,55.72033,140.0
38.13885,55.72064,141.0
38.13965,55.72094,146.0
38.14032,55.72122,147.0
38.14133,55.72168,149.0
38.14224,55.72216,149.0
38.14325,55.72275,149.0
38.14479,55.72363,147.0
38.1456,55.72404,144.0
38.14645,55.72444,133.0
38.14787,55.72506,133.0
38.14834,55.72523,134.0
38.14935,55.7256,135.0
38.15122,55.72617,131.0
38.15297,55.72662,134.0
38.15395,55.72685,133.0
38.15747,55.72759,136.0
38.15928,55.72799,134.0
38.1632,55.72882,134.0
38.16757,55.72977,133.0
38.16989,55.73028,131.0
38.17162,55.7307,132.0
38.17338,55.73116,137.0
38.17513,55.73169,134.0
38.17956,55.73306,132.0
38.18203,55.73386,134.0
38.19178,55.73691,143.0
38.20217,55.74018,143.0
38.2031,55.74047,139.0
38.21085,55.74292,141.0
38.21267,55.7435,140.0
38.21388,55.74389,139.0
38.21508,55.7443,141.0
38.21606,55.74466,139.0
38.21709,55.74505,138.0
38.21801,55.74543,136.0
38.21895,55.74583,138.0
38.21991,55.74626,136.0
38.22175,55.74717,137.0
38.22407,55.74842,139.0
38.22478,55.74886,137.0
38.22523,55.74913,137.0
38.22629,55.74992,141.0
38.22677,55.75037,140.0
38.22746,55.75103,144.0
38.22969,55.75341,150.0
38.23068,55.75441,144.0
38.23298,55.75662,151.0
38.2347,55.75812,142.0
38.23551,55.75884,140.0
38.23625,55.75962,141.0
38.23743,55.76087,147.0
38.23798,55.76153,140.0
38.23866,55.76245,139.0
38.23972,55.76403,146.0
38.23992,55.76436,148.0
38.24052,55.76552,140.0
38.24077,55.76596,143.0
38.24137,55.76761,157.0
38.24162,55.76839,159.0
38.24191,55.7695,157.0
38.24204,55.77038,157.0
38.24221,55.77221,160.0
38.24217,55.77285,160.0
38.24212,55.77401,151.0
38.24206,55.77471,151.0
38.24198,55.77547,155.0
38.24153,55.77736,154.0
38.2414,55.77822,156.0
38.24136,55.77921,155.0
38.24134,55.78002,155.0
38.24137,55.78096,155.0
38.24151,55.78247,158.0
38.24169,55.78332,153.0
38.24186,55.78399,153.0
38.24207,55.78467,153.0
38.24227,55.78537,153.0
38.24258,55.78615,151.0
38.24302,55.78703,146.0
38.24363,55.78817,151.0
38.24408,55.78897,135.0
38.24439,55.78944,139.0
38.24503,55.79033,140.0
38.24552,55.79104,141.0
38.24604,55.79167,139.0
38.24655,55.79224,141.0
38.24742,55.79314,141.0
38.24817,55.79385,136.0
38.249,55.7946,135.0
38.24995,55.7954,134.0
38.25047,55.7958,133.0
38.25261,55.79734,133.0
38.25354,55.79793,129.0
38.25441,55.79845,132.0
38.25534,55.799,137.0
38.25636,55.79955,138.0
38.25824,55.80048,134.0
38.259,55.80084,130.0
38.26043,55.80145,131.0
38.26154,55.80191,128.0
38.2656,55.80344,129.0
38.2681,55.8044,126.0
38.26926,55.80482,128.0
38.27053,55.80526,129.0
38.27221,55.8058,128.0
38.27416,55.80636,126.0
38.27776,55.80733,128.0
38.27976,55.80788,127.0
38.28152,55.8084,128.0
38.28257,55.80874,129.0
38.28357,55.80908,126.0
38.28448,55.80939,126.0
38.28552,55.80976,128.0
38.2866,55.81019,130.0
38.28737,55.81052,129.0
38.28905,55.81127,130.0
38.29021,55.81182,131.0
38.29125,55.81236,132.0
38.29568,55.81442,129.0
38.29866,55.81558,129.0
38.30119,55.81643,129.0
38.30316,55.81701,129.0
38.30429,55.81731,129.0
38.30508,55.81751,130.0
38.30759,55.81807,130.0
38.30994,55.81852,131.0
38.31154,55.81877,131.0
38.31345,55.81902,131.0
38.31606,55.81931,132.0
38.31794,55.81944,133.0
38.32046,55.81957,134.0
38.32353,55.81961,136.0
38.3255,55.8196,139.0
38.32763,55.81952,136.0
38.32958,55.81938,136.0
38.33203,55.81916,138.0
38.33542,55.81875,138.0
38.34102,55.81803,148.0
38.34726,55.81726,141.0
38.34847,55.81712,140.0
38.35047,55.81693,140.0
38.3518,55.81681,142.0
38.35394,55.8167,145.0
38.35535,55.81665,145.0
38.3566,55.81664,141.0
38.36025,55.81665,145.0
38.36215,55.81672,147.0
38.36396,55.81685,146.0
38.37073,55.81745,142.0
38.37906,55.81823,143.0
38.38272,55.81857,146.0
38.38936,55.81919,151.0
38.39536,55.81976,167.0
38.39817,55.82001,164.0
38.40616,55.82075,163.0
38.41085,55.82119,153.0
38.41899,55.82195,153.0
38.42285,55.82228,157.0
38.42773,55.82263,168.0
38.42905,55.82269,172.0
38.43082,55.82278,171.0
38.43345,55.82281,170.0
38.43519,55.82281,168.0
38.43839,55.82271,160.0
38.44281,55.82266,155.0
38.44588,55.82262,159.0
38.4487,55.82258,165.0
38.45341,55.82251,169.0
38.45415,55.82251,168.0
38.45813,55.82246,165.0
38.4642,55.82236,154.0
38.46608,55.82228,157.0
38.46777,55.82218,158.0
38.46882,55.82208,159.0
38.47014,55.82195,157.0
38.47128,55.82182,157.0
38.47251,55.82167,161.0
38.47411,55.82144,160.0
38.47773,55.82082,152.0
38.48242,55.82002,153.0
38.48808,55.81905,162.0
38.49375,55.81808,150.0
38.50134,55.81678,161.0
38.5071,55.8158,162.0
38.51373,55.81466,163.0
38.51871,55.81383,158.0
38.52157,55.81342,158.0
38.52466,55.81314,158.0
38.52796,55.81292,158.0
38.53046,55.81284,155.0
38.53178,55.81284,154.0
38.53445,55.81288,155.0
38.53562,55.81292,156.0
38.537,55.813,159.0
38.53891,55.81315,160.0
38.54041,55.8133,160.0
38.54178,55.81345,162.0
38.54334,55.81366,159.0
38.54452,55.81384,159.0
38.54601,55.81409,158.0
38.54738,55.81434,158.0
38.54876,55.81462,158.0
38.55892,55.8169,157.0
38.56801,55.81891,156.0
38.56997,55.81934,153.0
38.57035,55.81942,151.0
38.57222,55.81975,149.0
38.57345,55.81994,148.0
38.57535,55.82021,141.0
38.57683,55.82037,135.0
38.57974,55.82065,122.0
38.58276,55.8209,129.0
38.58518,55.82108,123.0
38.5909,55.82146,130.0
38.59411,55.82167,129.0
38.59669,55.82186,120.0
38.59846,55.822,127.0
38.60138,55.82228,129.0
38.60373,55.82256,134.0
38.6057,55.82281,137.0
38.6074,55.82306,137.0
38.6098,55.82345,133.0
38.61191,55.82381,133.0
38.61507,55.82444,124.0
38.61661,55.82478,124.0
38.61881,55.82529,129.0
38.62055,55.82572,124.0
38.62244,55.82621,123.0
38.62852,55.82796,132.0
38.63205,55.82901,136.0
38.63325,55.82939,135.0
38.6339,55.82958,135.0
38.63509,55.82988,136.0
38.63687,55.83028,135.0
38.63794,55.8305,136.0
38.63934,55.83078,136.0
38.64195,55.83122,135.0
38.6436,55.83149,133.0
38.64558,55.83173,134.0
38.64796,55.83197,134.0
38.64925,55.83205,133.0
38.65167,55.83217,136.0
38.65224,55.83219,135.0
38.65402,55.83221,135.0
38.65651,55.83226,133.0
38.65991,55.83223,132.0
38.66113,55.8322,135.0
38.66282,55.83212,137.0
38.66378,55.83206,138.0
38.66474,55.83198,136.0
38.67073,55.83137,132.0
38.67467,55.83094,130.0
38.67866,55.83052,132.0
38.68608,55.82971,130.0
38.68972,55.82932,130.0
38.6946,55.82882,138.0
38.69952,55.82829,142.0
38.70356,55.82784,136.0
38.70735,55.82744,134.0
38.71076,55.82712,134.0
38.71376,55.82685,136.0
38.71611,55.82666,138.0
38.71793,55.82654,136.0
38.72067,55.82636,145.0
38.72289,55.82624,148.0
38.72519,55.82614,144.0
38.72769,55.82609,136.0
38.7306,55.82601,132.0
38.73327,55.82597,132.0
38.73592,55.82596,135.0
38.74025,55.82599,134.0
38.74467,55.82607,133.0
38.74731,55.82616,132.0
38.75092,55.82632,134.0
38.75211,55.82638,138.0
38.75784,55.82677,145.0
38.76647,55.82737,144.0
38.778,55.82815,149.0
38.78157,55.82839,147.0
38.7865,55.82874,142.0
38.79365,55.82923,143.0
38.79956,55.82969,140.0
38.81049,55.83064,129.0
38.81217,55.8308,131.0
38.8161,55.83111,142.0
38.81887,55.83135,143.0
38.82968,55.8323,140.0
38.8327,55.83256,140.0
38.8348,55.83274,139.0
38.83867,55.83308,134.0
38.84243,55.8334,133.0
38.84723,55.83386,129.0
38.85348,55.83441,135.0
38.85727,55.83469,137.0
38.86645,55.83549,137.0
38.87175,55.83598,134.0
38.87317,55.83609,135.0
38.87734,55.83649,130.0
38.87893,55.83661,130.0
38.88225,55.8369,125.0
38.88312,55.83698,134.0
38.88571,55.83723,138.0
38.88762,55.83743,139.0
38.89105,55.83779,132.0
38.89278,55.838,135.0
38.89496,55.83833,138.0
38.89889,55.83904,141.0
38.90032,55.83932,143.0
38.90102,55.83947,141.0
38.90159,55.83959,139.0
38.90488,55.84034,137.0
38.91289,55.84228,141.0
38.91713,55.84334,143.0
38.92219,55.84457,136.0
38.92571,55.8455,132.0
38.9306,55.84681,134.0
38.9445,55.85061,144.0
38.94671,55.85123,144.0
38.95015,55.85216,142.0
38.95369,55.85315,142.0
38.95959,55.85472,137.0
38.96222,55.85537,133.0
38.96503,55.85601,128.0
38.96746,55.85652,129.0
38.96865,55.85676,126.0
38.96976,55.85699,127.0
38.97084,55.85719,126.0
38.97378,55.85769,121.0
38.97699,55.85819,125.0
38.97963,55.85857,126.0
38.98193,55.85885,128.0
38.98656,55.85937,134.0
38.98807,55.85951,135.0
38.99023,55.85968,131.0
38.99167,55.85978,130.0
38.99377,55.85991,129.0
38.99761,55.86017,123.0
38.99861,55.86024,124.0
39.00037,55.86042,121.0
39.0018,55.86058,121.0
39.00533,55.861,132.0
39.00822,55.86141,133.0
39.01057,55.8618,133.0
39.01235,55.86211,128.0
39.0132,55.86226,132.0
39.0151,55.86264,133.0
39.01946,55.86358,126.0
39.02081,55.8639,122.0
39.02195,55.8642,124.0
39.02432,55.86484,133.0
39.02686,55.86556,135.0
39.02863,55.86612,132.0
39.03013,55.8666,131.0
39.03154,55.8671,129.0
39.03377,55.86788,121.0
39.03819,55.86948,123.0
39.0396,55.86996,123.0
39.04243,55.87082,123.0
39.04556,55.87172,119.0
39.04784,55.87231,124.0
39.04961,55.87275,123.0
39.05198,55.87329,126.0
39.05395,55.87371,130.0
39.06089,55.87524,122.0
39.06288,55.8757,119.0
39.06671,55.87654,116.0
39.07023,55.87731,121.0
39.07456,55.87827,116.0
39.07785,55.87899,120.0
39.07904,55.87925,124.0
39.08018,55.87952,122.0
39.0816,55.87983,119.0
39.08689,55.88101,125.0
39.08956,55.88158,126.0
39.10098,55.88414,120.0
39.10941,55.88596,122.0
39.11167,55.88648,117.0
39.11682,55.88761,125.0
39.12164,55.88867,120.0
39.12353,55.88901,119.0
39.12551,55.8893,116.0
39.1262,55.88937,115.0
39.12714,55.88944,115.0
39.12864,55.88951,114.0
39.13028,55.88952,116.0
39.132,55.88945,114.0
39.13316,55.88937,113.0
39.13431,55.88925,113.0
39.13601,55.88903,115.0
39.13748,55.88877,115.0
39.13851,55.88856,116.0
39.13944,55.88835,115.0
39.14066,55.88801,116.0
39.14175,55.88766,116.0
39.14323,55.88709,115.0
39.14505,55.88629,116.0
39.14557,55.886,115.0
39.14633,55.88559,114.0
39.14688,55.88528,116.0
39.14777,55.88473,117.0
39.14822,55.88438,117.0
39.14878,55.88394,116.0
39.14931,55.8835,115.0
39.14992,55.88292,115.0
39.15139,55.88148,113.0
39.15195,55.88098,113.0
39.1527,55.88039,112.0
39.15327,55.87997,114.0
39.15468,55.879,112.0
39.15611,55.87825,112.0
39.15674,55.87793,113.0
39.15828,55.87727,112.0
39.15883,55.87707,111.0
39.16081,55.87645,110.0
39.16254,55.87598,111.0
39.16376,55.87572,112.0
39.16519,55.87546,109.0
39.16659,55.87528,109.0
39.16834,55.8751,109.0
39.17002,55.875,110.0
39.17151,55.87496,112.0
39.17287,55.87499,108.0
39.17452,55.87509,111.0
39.17602,55.87523,110.0
39.17756,55.87542,111.0
39.18107,55.87605,110.0
39.18545,55.87687,112.0
39.19492,55.8787,115.0
39.1991,55.87949,116.0
39.2022,55.88002,118.0
39.20516,55.88043,109.0
39.20719,55.8807,110.0
39.20887,55.88099,109.0
39.2122,55.88158,109.0
39.21516,55.88227,113.0
39.21752,55.88285,115.0
39.2208,55.88385,112.0
39.22133,55.88404,110.0
39.22419,55.8851,110.0
39.22518,55.88549,111.0
39.22645,55.88601,111.0
39.22979,55.88758,111.0
39.23135,55.88838,110.0
39.23226,55.88895,110.0
39.23382,55.88985,110.0
39.23528,55.89079,110.0
39.23613,55.8914,113.0
39.24078,55.89492,119.0
39.24235,55.89598,117.0
39.24366,55.89681,123.0
39.24527,55.89779,123.0
39.24712,55.89881,112.0
39.24898,55.89979,118.0
39.25073,55.90062,117.0
39.25315,55.90167,122.0
39.25473,55.90234,123.0
39.25614,55.90288,126.0
39.2575,55.90339,128.0
39.26033,55.90436,120.0
39.26184,55.90484,118.0
39.2638,55.9054,117.0
39.26689,55.90623,122.0
39.26947,55.90683,127.0
39.27228,55.90741,120.0
39.27364,55.90765,129.0
39.27556,55.90798,129.0
39.27707,55.90821,130.0
39.28003,55.9086,127.0
39.28433,55.90904,123.0
39.28764,55.90932,128.0
39.29161,55.90968,127.0
39.30071,55.91044,124.0
39.30403,55.91074,127.0
39.30648,55.91097,123.0
39.31807,55.91196,129.0
39.31975,55.91209,130.0
39.32143,55.91224,130.0
39.32311,55.9124,132.0
39.32591,55.91264,132.0
39.32982,55.91298,128.0
39.33175,55.91317,128.0
39.33299,55.91335,125.0
39.33506,55.91372,129.0
39.33707,55.91414,131.0
39.33817,55.9144,131.0
39.33913,55.91466,131.0
39.34026,55.91499,131.0
39.34141,55.91538,129.0
39.34354,55.91617,129.0
39.34471,55.91664,128.0
39.34553,55.91704,130.0
39.34689,55.91772,133.0
39.34807,55.91835,133.0
39.34913,55.91903,132.0
39.35,55.91962,130.0
39.35062,55.92007,131.0
39.35105,55.9204,132.0
39.35168,55.92092,132.0
39.35276,55.92193,126.0
39.35372,55.92298,136.0
39.35472,55.92424,146.0
39.35524,55.92504,144.0
39.35564,55.92575,144.0
39.35613,55.92676,144.0
39.3563,55.92721,144.0
39.35657,55.92804,145.0
39.35665,55.92832,144.0
39.35684,55.9292,149.0
39.35693,55.93011,146.0
39.35702,55.93331,145.0
39.35709,55.93486,154.0
39.35713,55.93619,156.0
39.35718,55.93714,156.0
39.35722,55.93752,154.0
39.35739,55.93848,156.0
39.35764,55.93942,160.0
39.35787,55.94015,161.0
39.35802,55.94053,161.0
39.35836,55.94126,161.0
39.35873,55.94194,156.0
39.35919,55.94273,152.0
39.35984,55.94359,151.0
39.36053,55.94443,147.0
39.3613,55.94525,143.0
39.36209,55.946,145.0
39.36272,55.94654,143.0
39.36379,55.94739,145.0
39.36435,55.94775,146.0
39.36526,55.94838,143.0
39.36578,55.94871,144.0
39.36694,55.94939,145.0
39.3739,55.95294,149.0
39.37985,55.95597,156.0
39.38123,55.95662,159.0
39.38318,55.95748,155.0
39.38465,55.95804,157.0
39.38619,55.95864,164.0
39.38798,55.95924,161.0
39.38954,55.95973,154.0
39.39296,55.96069,158.0
39.39488,55.96115,163.0
39.39631,55.96145,164.0
39.39867,55.9619,171.0
39.4012,55.96236,171.0
39.40502,55.96303,170.0
39.43914,55.96923,153.0
39.44142,55.96958,146.0
39.44266,55.96976,143.0
39.44491,55.97003,144.0
39.4459,55.97013,145.0
39.44748,55.97028,147.0
39.44899,55.97039,150.0
39.45063,55.9705,149.0
39.45235,55.97057,150.0
39.45574,55.97064,152.0
39.45707,55.97068,151.0
39.45942,55.9708,152.0
39.46172,55.97097,153.0
39.46339,55.97114,151.0
39.46515,55.97133,154.0
39.46773,55.97168,156.0
39.47028,55.9721,167.0
39.47166,55.97236,167.0
39.47341,55.97272,167.0
39.47515,55.97312,165.0
39.47625,55.97338,165.0
39.47775,55.97377,159.0
39.47926,55.97421,158.0
39.48075,55.97466,159.0
39.48155,55.97492,160.0
39.48377,55.97568,162.0
39.48588,55.97649,162.0
39.48863,55.97764,172.0
39.49107,55.97885,173.0
39.49277,55.97976,174.0
39.49385,55.98037,169.0
39.49639,55.98193,174.0
39.49776,55.98276,172.0
39.49918,55.98357,174.0
39.50149,55.98479,171.0
39.50295,55.98546,171.0
39.50554,55.98657,175.0
39.50671,55.987,175.0
39.508,55.9875,178.0
39.50885,55.98782,178.0
39.51072,55.98842,174.0
39.51321,55.98916,158.0
39.51404,55.98938,156.0
39.51598,55.98988,168.0
39.5193,55.9906,167.0
39.52257,55.99123,169.0
39.52799,55.99228,166.0
39.53065,55.9928,158.0
39.5351,55.99367,142.0
39.53962,55.99454,163.0
39.54685,55.99593,161.0
39.55034,55.99661,147.0
39.56048,55.99857,152.0
39.56365,55.99919,146.0
39.56804,56.00002,147.0
39.57402,56.00113,125.0
39.57769,56.00171,135.0
39.58503,56.00285,130.0
39.58877,56.00342,135.0
39.59345,56.00413,141.0
39.60003,56.00513,137.0
39.60578,56.00601,131.0
39.61061,56.00675,135.0
39.62251,56.00858,145.0
39.62595,56.00919,149.0
39.62768,56.00954,145.0
39.63074,56.01027,146.0
39.63371,56.01104,148.0
39.63555,56.01157,137.0
39.63738,56.01216,135.0
39.64035,56.01317,132.0
39.64217,56.01372,126.0
39.64257,56.01384,125.0
39.64312,56.01399,125.0
39.64592,56.01472,121.0
39.64776,56.01516,124.0
39.64995,56.01561,122.0
39.65169,56.01595,117.0
39.65329,56.01624,116.0
39.65434,56.01642,121.0
39.65624,56.01671,125.0
39.65911,56.01711,130.0
39.66282,56.01762,122.0
39.66729,56.01823,131.0
39.67094,56.01873,129.0
39.67863,56.01979,133.0
39.68167,56.02023,131.0
39.68463,56.02067,136.0
39.68777,56.02117,137.0
39.69409,56.02221,136.0
39.69735,56.02277,128.0
39.70214,56.02363,129.0
39.7052,56.02423,138.0
39.71122,56.02541,135.0
39.71541,56.02629,142.0
39.71864,56.027,134.0
39.72307,56.02801,145.0
39.72663,56.02885,161.0
39.72836,56.02927,160.0
39.73367,56.03056,159.0
39.73709,56.03139,162.0
39.74036,56.0322,149.0
39.74371,56.03299,158.0
39.74636,56.03364,165.0
39.74912,56.0343,168.0
39.75382,56.03543,151.0
39.75759,56.03632,147.0
39.76043,56.03698,154.0
39.76211,56.03736,164.0
39.7638,56.03774,155.0
39.76548,56.03812,155.0
39.76814,56.03871,160.0
39.7708,56.03929,155.0
39.77597,56.04044,163.0
39.77847,56.04098,171.0
39.78097,56.04151,161.0
39.78463,56.04226,159.0
39.78734,56.04283,157.0
39.79002,56.04341,167.0
39.7927,56.04398,161.0
39.79537,56.04455,172.0
39.8004,56.04561,174.0
39.8073,56.04707,172.0
39.81244,56.04815,163.0
39.82003,56.04976,160.0
39.82732,56.05129,172.0
39.82918,56.05166,167.0
39.83266,56.05234,166.0
39.83517,56.05281,158.0
39.84044,56.05368,156.0
39.84512,56.05434,157.0
39.84681,56.05457,164.0
39.84902,56.05485,159.0
39.85105,56.05509,155.0
39.855,56.05551,152.0
39.86043,56.05599,162.0
39.86659,56.05646,159.0
39.86926,56.05667,154.0
39.874,56.05704,164.0
39.87692,56.05725,161.0
39.88185,56.05762,164.0
39.88471,56.05785,150.0
39.88663,56.05799,151.0
39.89071,56.05831,168.0
39.89287,56.05847,165.0
39.89693,56.05875,166.0
39.89947,56.05888,163.0
39.90189,56.05897,158.0
39.90529,56.05901,150.0
39.90652,56.059,148.0
39.90905,56.05897,148.0
39.91192,56.05895,147.0
39.91378,56.05898,143.0
39.9153,56.059,145.0
39.91668,56.05903,156.0
39.91924,56.05915,163.0
39.9218,56.0593,158.0
39.92669,56.0597,159.0
39.92914,56.05989,157.0
39.93278,56.06013,146.0
39.93619,56.06031,145.0
39.93861,56.06041,143.0
39.94953,56.06074,117.0
39.95249,56.06084,128.0
39.96583,56.06125,125.0
39.96786,56.06128,130.0
39.96989,56.06126,131.0
39.97185,56.0612,133.0
39.97342,56.06113,129.0
39.97451,56.06106,128.0
39.97649,56.06092,121.0
39.97747,56.06085,118.0
39.97859,56.06073,121.0
39.98082,56.06046,121.0
39.98278,56.0602,115.0
39.98521,56.05982,123.0
39.98732,56.05942,118.0
39.98957,56.05896,117.0
39.99157,56.05849,117.0
39.99328,56.05806,116.0
39.9949,56.05763,117.0
39.99584,56.05734,116.0
39.99679,56.05705,112.0
39.99833,56.05655,116.0
39.99997,56.05597,118.0
40.00132,56.05554,121.0
40.00268,56.05513,120.0
40.0045,56.05463,123.0
40.00627,56.0542,122.0
40.00809,56.0538,122.0
40.00982,56.05348,127.0
40.01214,56.05308,129.0
40.01382,56.05284,124.0
40.01562,56.05263,118.0
40.01762,56.05243,121.0
40.01941,56.05231,122.0
40.02114,56.05221,118.0
40.0235,56.05215,111.0
40.02481,56.05215,110.0
40.02633,56.05216,109.0
40.0279,56.0522,110.0
40.0298,56.05229,112.0
40.03202,56.05246,106.0
40.03371,56.05262,106.0
40.03538,56.05281,104.0
40.03774,56.05314,104.0
40.03915,56.05337,104.0
40.04117,56.05376,103.0
40.04229,56.05399,104.0
40.04451,56.0545,105.0
40.04946,56.05575,105.0
40.06069,56.05853,104.0
40.06616,56.05996,104.0
40.06795,56.06045,106.0
40.07128,56.06141,107.0
40.0736,56.06212,106.0
40.07586,56.06285,104.0
40.07774,56.06349,107.0
40.07892,56.06389,108.0
40.08,56.06427,107.0
40.08194,56.06499,108.0
40.08313,56.06544,111.0
40.08443,56.06594,111.0
40.08601,56.06657,112.0
40.08873,56.06768,112.0
40.09624,56.0708,115.0
40.09803,56.07153,117.0
40.09998,56.07231,118.0
40.10188,56.07304,118.0
40.10383,56.07377,119.0
40.10567,56.07444,114.0
40.10851,56.07543,113.0
40.11062,56.07614,113.0
40.11311,56.07695,107.0
40.1169,56.0781,106.0
40.11804,56.07846,96.0
40.11936,56.07882,99.0
40.13274,56.08261,100.0
40.14557,56.08623,109.0
40.14712,56.08666,109.0
40.14856,56.08703,109.0
40.14978,56.08731,111.0
40.15099,56.08757,111.0
40.15227,56.08781,113.0
40.15325,56.08797,111.0
40.15408,56.08809,111.0
40.1551,56.08822,111.0
40.15612,56.08832,112.0
40.15769,56.08847,115.0
40.15915,56.08856,114.0
40.16062,56.08862,117.0
40.16196,56.08863,116.0
40.16329,56.08862,112.0
40.16427,56.0886,111.0
40.16528,56.08855,112.0
40.16632,56.08849,111.0
40.16755,56.08839,112.0
40.16854,56.08829,113.0
40.16967,56.08815,112.0
40.17128,56.08791,111.0
40.17265,56.08768,111.0
40.17398,56.08742,111.0
40.17536,56.08712,111.0
40.17662,56.0868,111.0
40.17799,56.0864,110.0
40.17927,56.086,109.0
40.18074,56.08549,109.0
40.18217,56.08493,109.0
40.18392,56.08424,109.0
40.18515,56.08375,109.0
40.18653,56.0832,107.0
40.18753,56.08278,106.0
40.19544,56.07966,107.0
40.19565,56.07956,106.0
40.19745,56.07884,106.0
40.19836,56.07851,104.0
40.19915,56.07821,106.0
40.19988,56.07796,104.0
40.20053,56.07772,105.0
40.20197,56.07724,106.0
40.20361,56.07676,104.0
40.20521,56.07634,105.0
40.20666,56.07594,104.0
40.20774,56.07562,104.0
40.20977,56.07497,104.0
40.21212,56.07419,114.0
40.2139,56.07358,105.0
40.21528,56.07315,105.0
40.21663,56.07275,116.0
40.21802,56.07238,119.0
40.21936,56.07204,117.0
40.22147,56.07158,117.0
40.22298,56.07129,120.0
40.22493,56.07095,114.0
40.22728,56.07061,115.0
40.23028,56.07028,118.0
40.23153,56.07017,119.0
40.23363,56.07004,119.0
40.2357,56.06996,121.0
40.23751,56.06994,119.0
40.23943,56.06994,112.0
40.24056,56.06996,108.0
40.26193,56.07087,115.0
40.26578,56.07101,114.0
40.26763,56.07102,111.0
40.27005,56.07103,109.0
40.27235,56.07098,109.0
40.27434,56.07092,105.0
40.27581,56.07085,106.0
40.27776,56.07074,112.0
40.27967,56.07061,115.0
40.28139,56.07046,114.0
40.28328,56.07027,115.0
40.28506,56.07008,112.0
40.28683,56.06986,116.0
40.28872,56.0696,109.0
40.29085,56.06927,113.0
40.29401,56.06872,114.0
40.29544,56.06845,114.0
40.29824,56.06791,110.0
40.29845,56.06786,109.0
40.30433,56.06667,111.0
40.30814,56.06593,114.0
40.30928,56.06573,111.0
40.31094,56.06545,107.0
40.31234,56.06523,104.0
40.31306,56.06512,104.0
40.31374,56.06503,104.0
40.31551,56.06482,105.0
40.31674,56.06468,106.0
40.31973,56.0644,117.0
40.3216,56.06427,117.0
40.32389,56.06415,119.0
40.3256,56.06409,121.0
40.32839,56.06405,118.0
40.33316,56.06412,118.0
40.33896,56.06425,116.0
40.34825,56.06444,115.0
40.35082,56.06448,116.0
40.35331,56.0645,116.0
40.35449,56.06447,116.0
40.35592,56.06443,117.0
40.35707,56.06436,116.0
40.3589,56.0642,117.0
40.36018,56.06406,117.0
40.36114,56.06393,119.0
40.36207,56.06379,119.0
40.36336,56.06358,108.0
40.36413,56.06344,107.0
40.36672,56.06289,108.0
40.36792,56.06259,104.0
40.36985,56.06204,103.0
40.37056,56.06182,102.0
40.37168,56.06144,98.0
40.37357,56.06075,100.0
40.37611,56.05986,95.0
40.3847,56.05676,104.0
40.3878,56.05566,101.0
40.39004,56.05485,105.0
40.39352,56.05359,108.0
40.39518,56.05297,102.0
40.39569,56.05277,103.0
40.39709,56.05212,95.0
40.3984,56.05151,96.0
40.39909,56.05115,99.0
40.40062,56.0503,102.0
40.40138,56.04978,106.0
40.40205,56.04927,104.0
40.40281,56.04868,104.0
40.40319,56.04841,104.0
40.40343,56.04822,104.0
40.4043,56.04739,102.0
40.405,56.04665,100.0
40.40552,56.04608,102.0
40.40629,56.04512,101.0
40.40663,56.04459,98.0
40.40743,56.04317,93.0
40.40772,56.04243,94.0
40.40809,56.04143,93.0
40.4082,56.04097,94.0
40.40834,56.04014,95.0
40.40844,56.03926,97.0
40.40844,56.03867,97.0
40.40837,56.03755,101.0
40.4082,56.03628,103.0
40.40803,56.03519,105.0
40.40799,56.03476,106.0
40.40798,56.03433,106.0
40.40801,56.0337,107.0
40.40803,56.03346,107.0
40.40812,56.03292,108.0
40.4082,56.03255,107.0
40.40831,56.03217,104.0
40.40852,56.03154,109.0
40.40866,56.0312,113.0
40.40892,56.03065,112.0
40.40911,56.03029,111.0
40.40934,56.0299,113.0
40.40968,56.02939,115.0
40.41002,56.02894,117.0
40.41021,56.0287,117.0
40.41059,56.02827,117.0
40.41085,56.02799,116.0
40.4112,56.02764,117.0
40.41152,56.02733,118.0
40.41192,56.02698,117.0
40.41239,56.02659,115.0
40.41305,56.02609,116.0
40.41366,56.02567,117.0
40.41391,56.02553,116.0
40.41479,56.02499,116.0
40.41612,56.02427,112.0
40.41682,56.02391,107.0
40.41719,56.02376,106.0
40.41799,56.02343,105.0
40.41875,56.02313,106.0
40.42081,56.02243,117.0
40.42166,56.02219,120.0
40.42248,56.02198,120.0
40.424,56.02165,126.0
40.43225,56.01999,130.0
40.4358,56.01926,129.0
40.43759,56.01889,137.0
40.44289,56.01783,145.0
40.44896,56.01659,164.0
40.45302,56.01576,176.0
40.4559,56.01518,177.0
40.46301,56.01373,168.0
40.46922,56.01248,172.0
40.47136,56.01211,168.0
40.47328,56.01179,166.0
40.47488,56.01158,161.0
40.47845,56.01116,160.0
40.48081,56.01096,164.0
40.48242,56.01087,161.0
40.48402,56.01076,163.0
40.48598,56.0107,168.0
40.48808,56.01065,169.0
40.48967,56.01063,152.0
40.49147,56.01065,156.0
40.49374,56.0107,158.0
40.49597,56.01083,153.0
40.49819,56.01095,155.0
40.49944,56.01107,154.0
40.50179,56.01131,142.0
40.50538,56.01171,143.0
40.5082,56.01204,142.0
40.51232,56.01252,157.0
40.51512,56.01286,147.0
40.51844,56.01325,162.0
40.52601,56.01415,163.0
40.53078,56.01469,169.0
40.53217,56.01483,171.0
40.53305,56.01489,170.0
40.53385,56.01494,169.0
40.53657,56.01503,170.0
40.53733,56.01503,165.0
40.53828,56.01505,163.0
40.54033,56.01499,157.0
40.5422,56.0149,164.0
40.54405,56.01475,162.0
40.54608,56.01455,158.0
40.54714,56.01441,161.0
40.54814,56.01426,162.0
40.54929,56.01408,161.0
40.55135,56.01369,154.0
40.5524,56.01346,148.0
40.55352,56.01319,145.0
40.55484,56.01285,141.0
40.55591,56.01255,148.0
40.55655,56.01235,150.0
40.55823,56.0118,142.0
40.55874,56.01163,141.0
40.56661,56.00875,143.0
40.56966,56.00766,140.0
40.57048,56.00734,141.0
40.57292,56.00643,137.0
40.57606,56.00531,139.0
40.57979,56.00394,141.0
40.58273,56.00287,140.0
40.58843,56.00076,140.0
40.59198,55.99947,144.0
40.60482,55.99472,148.0
40.61018,55.99273,141.0
40.63167,55.98483,132.0
40.63565,55.98334,134.0
40.63858,55.98224,137.0
40.6421,55.98093,136.0
40.64383,55.98027,136.0
40.64759,55.97879,135.0
40.65031,55.97771,124.0
40.65281,55.97667,123.0
40.6547,55.97592,119.0
40.66109,55.9732,104.0
40.66285,55.97243,103.0
40.66617,55.97096,100.0
40.66912,55.96963,106.0
40.67124,55.96865,111.0
40.6742,55.96726,115.0
40.67584,55.96648,118.0
40.67655,55.96613,120.0
40.68069,55.96411,131.0
40.68215,55.96341,130.0
40.68501,55.96196,135.0
40.68776,55.96056,134.0
40.6997,55.95434,130.0
40.7014,55.95346,133.0
40.70968,55.94914,126.0
40.71541,55.94616,117.0
40.71823,55.94469,127.0
40.72313,55.94213,130.0
40.7328,55.9371,103.0
40.73398,55.93648,105.0
40.73559,55.93565,113.0
40.7386,55.93407,122.0
40.7401,55.93329,121.0
40.74219,55.93218,119.0
40.74426,55.93106,128.0
40.74592,55.93015,130.0
40.74755,55.92923,131.0
40.75054,55.92752,133.0
40.75184,55.92676,132.0
40.75435,55.92526,134.0
40.75558,55.92451,132.0
40.75773,55.92319,134.0
40.75988,55.92182,134.0
40.76201,55.92044,127.0
40.7634,55.91953,128.0
40.76488,55.91853,132.0
40.76658,55.91737,135.0
40.76886,55.91577,124.0
40.7707,55.91446,118.0
40.77251,55.91314,121.0
40.77377,55.9122,128.0
40.77503,55.91125,128.0
40.7763,55.91028,119.0
40.77752,55.90932,122.0
40.77888,55.90825,116.0
40.77914,55.90805,113.0
40.77958,55.90768,114.0
40.78104,55.9065,124.0
40.78212,55.9056,127.0
40.78307,55.9048,123.0
40.78427,55.90378,120.0
40.78569,55.90255,118.0
40.78654,55.9018,115.0
40.78825,55.90026,107.0
40.7901,55.89856,112.0
40.79142,55.89731,100.0
40.79308,55.8957,103.0
40.79395,55.89485,107.0
40.79477,55.89402,116.0
40.79569,55.89309,114.0
40.79742,55.89129,115.0
40.79903,55.88957,116.0
40.79964,55.8889,120.0
40.80101,55.88737,110.0
40.80279,55.88533,100.0
40.80467,55.88309,103.0
40.80603,55.88139,119.0
40.8069,55.8803,122.0
40.80871,55.87793,116.0
40.81029,55.87578,125.0
40.81218,55.87322,123.0
40.81421,55.87046,126.0
40.81597,55.86806,122.0
40.81713,55.86649,128.0
40.81782,55.86555,129.0
40.81867,55.8644,123.0
40.81899,55.86395,122.0
40.81977,55.86291,112.0
40.82578,55.85473,104.0
40.82688,55.85323,115.0
40.8274,55.85254,109.0
40.82787,55.85194,106.0
40.82834,55.85138,112.0
40.82935,55.85021,116.0
40.83095,55.84852,110.0
40.83215,55.84739,111.0
40.833,55.84662,112.0
40.83344,55.84623,114.0
40.8348,55.84511,117.0
40.83556,55.84451,117.0
40.83713,55.84334,110.0
40.83824,55.84256,107.0
40.83937,55.8418,110.0
40.84056,55.84104,115.0
40.8418,55.84028,118.0
40.84327,55.83943,127.0
40.84409,55.83898,122.0
40.84495,55.83853,118.0
40.84623,55.83786,118.0
40.84751,55.83723,119.0
40.84861,55.83672,122.0
40.84975,55.8362,124.0
40.85173,55.83535,129.0
40.85341,55.83467,125.0
40.85533,55.83395,125.0
40.85728,55.83325,123.0
40.85891,55.83271,124.0
40.86059,55.83218,116.0
40.86233,55.83167,113.0
40.86363,55.83131,117.0
40.86491,55.83097,116.0
40.86769,55.83029,118.0
40.86907,55.82997,117.0
40.8704,55.82969,118.0
40.87185,55.8294,116.0
40.87326,55.82914,115.0
40.87469,55.82889,115.0
40.87601,55.82867,114.0
40.87834,55.82833,103.0
40.88061,55.82802,102.0
40.8829,55.82777,108.0
40.88422,55.82764,108.0
40.88533,55.82755,110.0
40.88728,55.8274,112.0
40.88915,55.82729,114.0
40.8903,55.82723,114.0
40.89222,55.82716,114.0
40.89318,55.82713,113.0
40.89504,55.8271,111.0
40.89636,55.82709,111.0
40.8976,55.8271,111.0
40.90035,55.82715,112.0
40.90235,55.82723,112.0
40.90326,55.82727,109.0
40.90606,55.82743,114.0
40.90984,55.82764,128.0
40.91366,55.82786,122.0
40.91813,55.82811,132.0
40.92737,55.82862,125.0
40.9331,55.82894,133.0
40.94124,55.82939,131.0
40.94373,55.82951,124.0
40.94584,55.82959,128.0
40.9501,55.8297,123.0
40.95217,55.82972,123.0
40.95509,55.82973,135.0
40.95778,55.82971,137.0
40.96157,55.82964,133.0
40.96413,55.82955,138.0
40.96538,55.8295,134.0
40.96692,55.82943,130.0
40.96964,55.82928,128.0
40.97245,55.8291,136.0
40.97564,55.82885,141.0
40.97813,55.82863,132.0
40.98075,55.82837,131.0
40.98254,55.82817,136.0
40.98438,55.82796,141.0
40.9864,55.82771,139.0
40.98825,55.82746,132.0
40.9916,55.82698,133.0
40.99472,55.82649,135.0
40.99639,55.82621,138.0
40.99799,55.82592,136.0
41.00075,55.82541,134.0
41.00406,55.82474,133.0
41.00629,55.82427,132.0
41.00921,55.82362,126.0
41.01098,55.8232,126.0
41.01328,55.82262,124.0
41.01496,55.82219,126.0
41.01754,55.8215,126.0
41.0193,55.821,122.0
41.02012,55.82077,117.0
41.02296,55.81992,122.0
41.02547,55.81913,129.0
41.02797,55.81831,132.0
41.03026,55.81752,134.0
41.03233,55.81678,127.0
41.03477,55.81587,121.0
41.03614,55.81534,128.0
41.03744,55.81483,131.0
41.03831,55.81447,132.0
41.04006,55.81376,138.0
41.04116,55.81329,138.0
41.04428,55.81191,142.0
41.04771,55.81033,136.0
41.05012,55.80924,133.0
41.05351,55.80769,145.0
41.05953,55.80494,135.0
41.06297,55.80337,145.0
41.07028,55.80002,138.0
41.07581,55.7975,147.0
41.07878,55.79614,151.0
41.08176,55.79477,141.0
41.08368,55.7939,151.0
41.08874,55.79158,136.0
41.09135,55.79038,147.0
41.09709,55.78775,152.0
41.09981,55.78651,143.0
41.10377,55.7847,149.0
41.10867,55.78249,152.0
41.1132,55.78046,152.0
41.11523,55.77956,157.0
41.11876,55.778,153.0
41.12269,55.77628,155.0
41.12514,55.77521,157.0
41.12954,55.77331,143.0
41.13193,55.77228,152.0
41.13498,55.77098,154.0
41.13715,55.77006,150.0
41.13993,55.76888,158.0
41.14234,55.76787,155.0
41.14663,55.76608,154.0
41.14809,55.76547,158.0
41.15233,55.76371,163.0
41.15605,55.76219,161.0
41.15959,55.76075,157.0
41.16255,55.75955,154.0
41.16418,55.75889,156.0
41.16663,55.75791,167.0
41.1694,55.75682,159.0
41.17071,55.75629,161.0
41.17587,55.75425,176.0
41.17913,55.75298,169.0
41.18132,55.75213,179.0
41.18533,55.75057,169.0
41.18919,55.74909,178.0
41.19136,55.74826,166.0
41.19899,55.74538,161.0
41.20156,55.74442,170.0
41.2058,55.74284,160.0
41.21029,55.74116,173.0
41.21953,55.73771,182.0
41.22686,55.73497,174.0
41.23051,55.73361,178.0
41.23838,55.73067,180.0
41.2423,55.72921,165.0
41.24789,55.72711,167.0
41.25204,55.72556,180.0
41.25505,55.72443,171.0
41.25803,55.72331,174.0
41.26046,55.72239,173.0
41.26343,55.72124,173.0
41.2664,55.72008,174.0
41.27174,55.71797,175.0
41.27469,55.71678,175.0
41.27779,55.71551,174.0
41.28177,55.71386,176.0
41.28455,55.71269,177.0
41.28624,55.71198,182.0
41.28804,55.7112,179.0
41.29049,55.71015,166.0
41.29398,55.70863,179.0
41.29532,55.70804,174.0
41.29921,55.70632,178.0
41.30187,55.70514,179.0
41.30528,55.70363,173.0
41.31443,55.69959,171.0
41.31713,55.6984,168.0
41.3189,55.69761,174.0
41.32137,55.69652,163.0
41.32531,55.69477,176.0
41.32749,55.69381,163.0
41.33078,55.69235,163.0
41.33202,55.69182,170.0
41.33339,55.69125,168.0
41.33449,55.69081,167.0
41.33574,55.69033,166.0
41.33703,55.68986,162.0
41.33912,55.68913,158.0
41.33996,55.68885,160.0
41.34125,55.68844,163.0
41.34246,55.68807,163.0
41.34432,55.68752,164.0
41.34606,55.68705,160.0
41.34709,55.68678,153.0
41.34867,55.68639,152.0
41.35061,55.68594,158.0
41.35188,55.68566,163.0
41.35313,55.68541,162.0
41.35407,55.68522,162.0
41.35505,55.68504,162.0
41.35696,55.6847,161.0
41.3582,55.68449,160.0
41.35946,55.6843,161.0
41.36052,55.68414,158.0
41.36229,55.68391,162.0
41.36356,55.68375,167.0
41.3647,55.68362,166.0
41.36638,55.68345,167.0
41.3679,55.68331,166.0
41.36934,55.68319,169.0
41.37074,55.68309,171.0
41.37283,55.68297,170.0
41.37478,55.68289,169.0
41.37612,55.68283,167.0
41.37785,55.68276,161.0
41.3801,55.68267,169.0
41.38506,55.68247,158.0
41.39281,55.68215,163.0
41.39417,55.68208,166.0
41.39546,55.68199,165.0
41.39717,55.68185,171.0
41.39856,55.6817,178.0
41.39981,55.68155,173.0
41.4009,55.6814,169.0
41.40183,55.68126,169.0
41.40273,55.68111,171.0
41.40488,55.68072,172.0
41.4055,55.6806,172.0
41.40706,55.68026,169.0
41.4083,55.67997,165.0
41.4095,55.67966,166.0
41.41068,55.67933,158.0
41.41171,55.67903,148.0
41.41273,55.67871,142.0
41.41435,55.67817,140.0
41.41561,55.6777,137.0
41.41687,55.67722,143.0
41.42066,55.67572,137.0
41.42291,55.67484,144.0
41.42551,55.6738,134.0
41.43127,55.67153,135.0
41.43331,55.67077,137.0
41.43438,55.67039,141.0
41.43544,55.67002,139.0
41.43668,55.66962,139.0
41.43789,55.66923,139.0
41.4396,55.66872,141.0
41.44147,55.66819,140.0
41.4432,55.66773,137.0
41.44512,55.66725,131.0
41.44635,55.66696,128.0
41.44851,55.66649,134.0
41.4494,55.66631,134.0
41.451,55.66599,137.0
41.45356,55.66553,140.0
41.45575,55.66518,137.0
41.45741,55.66495,136.0
41.45969,55.66465,132.0
41.46155,55.66444,134.0
41.4625,55.66434,133.0
41.46437,55.66418,134.0
41.46606,55.66404,134.0
41.46785,55.66392,137.0
41.46992,55.66382,132.0
41.47204,55.66373,129.0
41.47515,55.66366,125.0
41.479,55.66358,113.0
41.4905,55.66334,128.0
41.49483,55.66322,133.0
41.49702,55.66313,143.0
41.49918,55.66303,143.0
41.50338,55.66279,145.0
41.50527,55.66266,146.0
41.50802,55.66244,144.0
41.51132,55.66214,145.0
41.51353,55.66192,145.0
41.51562,55.6617,145.0
41.5174,55.66149,147.0
41.51991,55.66118,147.0
41.52214,55.66089,146.0
41.52364,55.66068,145.0
41.52658,55.66024,150.0
41.52805,55.66001,150.0
41.52972,55.65974,147.0
41.53188,55.65937,149.0
41.5332,55.65913,145.0
41.5355,55.65871,145.0
41.53769,55.65828,144.0
41.53965,55.65788,140.0
41.54144,55.6575,141.0
41.54322,55.65711,148.0
41.545,55.6567,148.0
41.54675,55.65629,153.0
41.548,55.65599,151.0
41.55096,55.65524,149.0
41.55802,55.6534,144.0
41.56097,55.65263,135.0
41.56642,55.65122,135.0
41.57403,55.64923,151.0
41.57666,55.64855,143.0
41.58078,55.64748,147.0
41.58456,55.6465,140.0
41.58573,55.64622,139.0
41.58688,55.64596,144.0
41.58865,55.6456,153.0
41.59049,55.64526,152.0
41.59195,55.64502,151.0
41.59339,55.64481,149.0
41.59514,55.64458,151.0
41.597,55.64437,152.0
41.59813,55.64427,153.0
41.59925,55.64417,150.0
41.60111,55.64405,143.0
41.60288,55.64396,146.0
41.60476,55.6439,144.0
41.60657,55.64388,141.0
41.60799,55.64389,138.0
41.61032,55.64395,137.0
41.61106,55.64398,140.0
41.61258,55.64406,144.0
41.61445,55.64419,143.0
41.61578,55.6443,138.0
41.61708,55.64443,142.0
41.61828,55.64457,143.0
41.61961,55.64474,143.0
41.62091,55.64492,143.0
41.62242,55.64515,143.0
41.6239,55.64541,143.0
41.62534,55.64569,144.0
41.62678,55.64599,147.0
41.6282,55.64631,147.0
41.62961,55.64666,147.0
41.63056,55.6469,149.0
41.63152,55.64717,148.0
41.6332,55.64766,147.0
41.63689,55.64881,144.0
41.63933,55.64957,150.0
41.64208,55.65043,148.0
41.64541,55.65147,139.0
41.64784,55.65223,145.0
41.65091,55.65318,144.0
41.65243,55.65364,142.0
41.65327,55.65388,145.0
41.6548,55.65431,146.0
41.65619,55.65469,147.0
41.65834,55.65525,148.0
41.66054,55.65578,147.0
41.66282,55.6563,148.0
41.66426,55.6566,143.0
41.66652,55.65706,145.0
41.66771,55.65729,143.0
41.66946,55.6576,135.0
41.67173,55.65798,130.0
41.67389,55.65832,131.0
41.6764,55.65867,129.0
41.67746,55.65881,131.0
41.67925,55.65902,133.0
41.68097,55.65922,137.0
41.68236,55.65936,138.0
41.68377,55.65949,139.0
41.68529,55.65962,141.0
41.68714,55.65976,139.0
41.68888,55.65988,137.0
41.69005,55.65995,133.0
41.69124,55.66001,132.0
41.69361,55.66011,132.0
41.69502,55.66015,136.0
41.69781,55.66021,132.0
41.69917,55.66022,133.0
41.70162,55.66021,135.0
41.70374,55.66018,134.0
41.70609,55.66012,134.0
41.70731,55.66007,135.0
41.70846,55.66002,133.0
41.71072,55.6599,133.0
41.71285,55.65976,132.0
41.71414,55.65967,131.0
41.71606,55.65951,130.0
41.71814,55.65931,131.0
41.71999,55.65911,128.0
41.72182,55.6589,131.0
41.72327,55.65871,129.0
41.7257,55.65838,129.0
41.72979,55.65775,126.0
41.73229,55.65734,128.0
41.73381,55.65708,127.0
41.73616,55.65665,128.0
41.7378,55.65632,126.0
41.73923,55.65603,125.0
41.74134,55.65556,125.0
41.74248,55.6553,124.0
41.74469,55.65477,124.0
41.74763,55.654,122.0
41.75016,55.65329,120.0
41.75129,55.65295,123.0
41.7532,55.65236,126.0
41.75401,55.65211,124.0
41.75534,55.65167,124.0
41.7576,55.6509,122.0
41.7597,55.65013,122.0
41.76161,55.6494,121.0
41.76376,55.64854,119.0
41.76499,55.64802,122.0
41.76711,55.64709,121.0
41.80597,55.6298,110.0
41.80718,55.62928,111.0
41.80841,55.62878,109.0
41.8103,55.62806,110.0
41.81224,55.62736,109.0
41.81302,55.62709,110.0
41.81431,55.62667,108.0
41.8165,55.62599,104.0
41.81787,55.6256,103.0
41.81924,55.62523,101.0
41.82098,55.62478,99.0
41.82277,55.62436,100.0
41.82374,55.62414,98.0
41.82469,55.62394,96.0
41.8267,55.62353,95.0
41.82879,55.62316,95.0
41.8312,55.62277,96.0
41.8329,55.62253,100.0
41.83436,55.62234,99.0
41.83585,55.62216,100.0
41.83708,55.62203,101.0
41.83835,55.62191,107.0
41.83959,55.62181,110.0
41.84081,55.62171,109.0
41.8419,55.62164,111.0
41.84305,55.62158,115.0
41.84505,55.62149,107.0
41.84709,55.62144,108.0
41.84858,55.62142,112.0
41.88871,55.62099,105.0
41.89057,55.62098,106.0
41.89199,55.621,108.0
41.89339,55.62104,111.0
41.89424,55.62107,107.0
41.89526,55.62112,107.0
41.89658,55.6212,107.0
41.89863,55.62136,105.0
41.8998,55.62147,102.0
41.90093,55.62159,101.0
41.90207,55.62172,99.0
41.9031,55.62186,101.0
41.90488,55.62212,103.0
41.90667,55.62242,106.0
41.90699,55.62247,106.0
41.90867,55.6228,106.0
41.90992,55.62306,107.0
41.91111,55.62332,107.0
41.91225,55.6236,109.0
41.91344,55.6239,120.0
41.91414,55.62408,124.0
41.91549,55.62447,126.0
41.91684,55.62487,125.0
41.91866,55.62546,116.0
41.92027,55.62603,110.0
41.9214,55.62645,107.0
41.93648,55.63241,110.0
41.93861,55.63326,117.0
41.93936,55.63355,117.0
41.93961,55.63364,117.0
41.94194,55.63458,113.0
41.94294,55.63496,113.0
41.95267,55.63881,112.0
41.95345,55.6391,111.0
41.9546,55.63951,113.0
41.95556,55.63984,115.0
41.95727,55.64038,112.0
41.95891,55.64087,119.0
41.95988,55.64113,118.0
41.96085,55.64139,115.0
41.96239,55.64177,116.0
41.96378,55.64208,116.0
41.96596,55.64252,115.0
41.96687,55.64269,116.0
41.9678,55.64286,116.0
41.96961,55.64314,114.0
41.97054,55.64327,116.0
41.97164,55.64342,117.0
41.97335,55.64362,116.0
41.97483,55.64377,113.0
41.97597,55.64386,114.0
41.9771,55.64395,116.0
41.97824,55.64402,115.0
41.9794,55.64407,116.0
41.98148,55.64414,117.0
41.98223,55.64416,116.0
41.98397,55.64417,116.0
41.98513,55.64415,116.0
41.987,55.64411,116.0
41.98871,55.64404,116.0
41.99019,55.64395,117.0
41.991,55.64389,117.0
41.99292,55.64373,115.0
41.99398,55.64362,116.0
41.99586,55.6434,115.0
42.01629,55.64072,112.0
42.02148,55.64004,106.0
42.02959,55.63897,110.0
42.034,55.63839,75.0
42.03863,55.63778,81.0
42.04107,55.63746,77.0
42.04252,55.63724,76.0
42.04344,55.63709,76.0
42.04435,55.63693,82.0
42.04544,55.63672,84.0
42.04652,55.63649,83.0
42.04757,55.63626,82.0
42.04863,55.63601,82.0
42.04976,55.63572,75.0
42.05067,55.63547,73.0
42.05154,55.63522,74.0
42.0526,55.63491,74.0
42.0537,55.63455,72.0
42.05471,55.6342,74.0
42.05568,55.63386,74.0
42.05663,55.63349,74.0
42.05754,55.63313,75.0
42.0587,55.63264,74.0
42.06026,55.63194,75.0
42.06154,55.63134,77.0
42.06308,55.6305,81.0
42.06535,55.62914,82.0
42.06611,55.62863,80.0
42.06682,55.62814,84.0
42.06812,55.62717,84.0
42.06882,55.62663,81.0
42.06957,55.62597,84.0
42.07035,55.6253,81.0
42.0774,55.61834,76.0
42.07807,55.6177,76.0
42.08041,55.61573,76.0
42.08162,55.61477,73.0
42.08322,55.6137,75.0
42.08576,55.61216,76.0
42.08803,55.61116,76.0
42.09005,55.61033,73.0
42.09334,55.60926,74.0
42.10347,55.60683,74.0
42.10526,55.60641,75.0
42.10845,55.60562,75.0
42.10979,55.60528,76.0
42.11148,55.60481,77.0
42.11335,55.60423,76.0
42.11524,55.6036,78.0
42.11768,55.60271,80.0
42.12025,55.60175,75.0
42.12231,55.60085,79.0
42.12417,55.6,77.0
42.12583,55.59918,78.0
42.12734,55.59842,78.0
42.12845,55.59781,76.0
42.13107,55.59633,74.0
42.13402,55.59459,74.0
42.135,55.59404,74.0
42.13572,55.59368,73.0
42.1425,55.59064,78.0
42.14883,55.58845,86.0
42.15007,55.58804,86.0
42.15078,55.58787,81.0
42.15204,55.58754,76.0
42.15712,55.58634,81.0
42.16441,55.58497,75.0
42.16987,55.58431,76.0
42.1725,55.58407,78.0
42.1741,55.58396,76.0
42.18499,55.58339,75.0
42.18642,55.5833,75.0
42.19083,55.58306,77.0
42.20109,55.58251,80.0
42.20467,55.58229,82.0
42.20761,55.58207,78.0
42.20975,55.58185,77.0
42.21067,55.58174,78.0
42.21294,55.58142,80.0
42.21534,55.58099,81.0
42.21677,55.58068,82.0
42.21949,55.58005,79.0
42.22168,55.57943,81.0
42.22534,55.57836,79.0
42.22663,55.57803,77.0
42.22866,55.57753,79.0
42.22961,55.57731,80.0
42.23061,55.57711,80.0
42.23233,55.57679,77.0
42.23557,55.57631,80.0
42.23856,55.57595,78.0
42.24272,55.57566,79.0
42.24902,55.57549,80.0
42.26628,55.57503,82.0
42.27296,55.57484,82.0
42.27692,55.57474,81.0
42.28173,55.57463,82.0
42.28756,55.57453,80.0
42.28948,55.57449,80.0
42.29616,55.57426,83.0
42.30034,55.57412,82.0
42.30437,55.57398,85.0
42.30574,55.57393,83.0
42.3081,55.57388,87.0
42.31423,55.57373,85.0
42.3173,55.57365,83.0
42.32075,55.57347,80.0
42.32353,55.57322,80.0
42.32647,55.57291,81.0
42.32878,55.57262,81.0
42.33118,55.57223,88.0
42.3351,55.57151,84.0
42.34003,55.5704,81.0
42.34675,55.56883,86.0
42.35018,55.56817,79.0
42.35518,55.56754,80.0
42.35936,55.56718,79.0
42.36389,55.5668,92.0
42.36641,55.56645,94.0
42.3698,55.56591,86.0
42.37253,55.5653,87.0
42.3748,55.56479,86.0
42.37744,55.56418,82.0
42.38018,55.56368,90.0
42.38265,55.56326,95.0
42.38488,55.56301,90.0
42.38603,55.5629,83.0
42.38719,55.56279,85.0
42.38957,55.5626,88.0
42.39427,55.5625,86.0
42.39715,55.56252,87.0
42.39867,55.56259,86.0
42.40232,55.56279,85.0
42.40429,55.56308,83.0
42.40618,55.56332,83.0
42.40983,55.56368,86.0
42.41531,55.56415,95.0
42.41804,55.56428,93.0
42.42104,55.56441,89.0
42.42291,55.56447,88.0
42.4247,55.56454,91.0
42.43053,55.56465,94.0
42.43564,55.56456,92.0
42.43946,55.56451,95.0
42.44479,55.56424,91.0
42.44829,55.56401,90.0
42.45036,55.56383,88.0
42.45279,55.56361,93.0
42.45489,55.56339,96.0
42.46307,55.56238,91.0
42.46447,55.56222,89.0
42.46593,55.56208,91.0
42.46833,55.56187,92.0
42.47159,55.56161,91.0
42.47453,55.56141,94.0
42.47831,55.56117,84.0
42.48758,55.5607,86.0
42.49213,55.56056,85.0
42.49529,55.5605,89.0
42.49683,55.5605,87.0
42.50145,55.56052,83.0
42.50575,55.56057,85.0
42.50786,55.56061,83.0
42.50969,55.56066,85.0
42.51146,55.56073,87.0
42.51434,55.5609,91.0
42.52101,55.5613,93.0
42.52312,55.56147,92.0
42.52868,55.56196,88.0
42.53078,55.5621,91.0
42.53359,55.56229,91.0
42.53624,55.5624,94.0
42.5378,55.56243,93.0
42.54119,55.56246,94.0
42.54671,55.56237,96.0
42.54914,55.56234,98.0
42.55413,55.5622,100.0
42.55499,55.56215,103.0
42.55582,55.56208,104.0
42.56041,55.56158,108.0
42.56236,55.56135,110.0
42.56478,55.56104,110.0
42.56553,55.56094,110.0
42.5679,55.56057,108.0
42.5704,55.56016,112.0
42.5753,55.5593,115.0
42.57633,55.55912,116.0
42.58337,55.55757,116.0
42.58476,55.55722,113.0
42.58938,55.55592,107.0
42.59481,55.5541,103.0
42.59845,55.55323,98.0
42.60209,55.55235,108.0
42.61129,55.55034,118.0
42.6125,55.55009,123.0
42.61555,55.54952,133.0
42.61902,55.54896,132.0
42.62222,55.54848,121.0
42.62538,55.54804,120.0
42.62712,55.54782,122.0
42.62902,55.5476,126.0
42.63013,55.54749,126.0
42.63314,55.5472,125.0
42.63776,55.54675,132.0
42.6427,55.54652,136.0
42.64839,55.54624,142.0
42.65325,55.54616,146.0
42.65775,55.54616,138.0
42.65985,55.54618,139.0
42.66216,55.54622,145.0
42.6645,55.54627,148.0
42.66562,55.5463,147.0
42.66677,55.54635,143.0
42.66939,55.54652,143.0
42.67184,55.54666,138.0
42.67818,55.54712,146.0
42.68404,55.54776,146.0
42.68598,55.54804,141.0
42.68891,55.54844,147.0
42.69197,55.54889,147.0
42.69502,55.54938,140.0
42.69887,55.55008,135.0
42.70175,55.55063,138.0
42.70513,55.55133,145.0
42.70839,55.55208,151.0
42.71036,55.55255,153.0
42.71325,55.55329,148.0
42.71563,55.55392,149.0
42.71851,55.55473,151.0
42.72106,55.55549,150.0
42.72349,55.55627,143.0
42.72791,55.55773,155.0
42.73108,55.55892,161.0
42.73391,55.55998,160.0
42.73901,55.56184,153.0
42.74301,55.56311,148.0
42.74522,55.56378,148.0
42.74674,55.56423,151.0
42.7483,55.56466,152.0
42.75054,55.56523,150.0
42.7536,55.56598,148.0
42.75626,55.56657,152.0
42.75759,55.56686,151.0
42.75998,55.56734,153.0
42.76096,55.56751,152.0
42.76188,55.56766,152.0
42.76627,55.56832,149.0
42.76685,55.56842,149.0
42.76723,55.56852,148.0
42.76896,55.56874,150.0
42.77198,55.56916,153.0
42.77773,55.5697,148.0
42.7797,55.56984,146.0
42.78605,55.57024,151.0
42.78961,55.57047,143.0
42.79273,55.57042,144.0
42.79694,55.57036,145.0
42.80182,55.57029,150.0
42.80474,55.57024,152.0
42.80735,55.57002,151.0
42.8092,55.56989,154.0
42.81288,55.56961,147.0
42.81518,55.56944,147.0
42.8186,55.56897,138.0
42.82161,55.56856,143.0
42.82524,55.568,126.0
42.82825,55.56746,124.0
42.83103,55.56692,122.0
42.83361,55.56637,129.0
42.83667,55.56566,131.0
42.83982,55.56486,137.0
42.84288,55.56402,143.0
42.84653,55.56299,138.0
42.85397,55.56091,141.0
42.85872,55.55961,152.0
42.86291,55.55851,155.0
42.8666,55.55755,161.0
42.86968,55.55679,160.0
42.87335,55.55591,153.0
42.87776,55.55489,148.0
42.88969,55.55219,147.0
42.89776,55.55036,159.0
42.90417,55.54891,167.0
42.9065,55.54838,167.0
42.91274,55.5469,161.0
42.91622,55.54606,160.0
42.92087,55.54487,163.0
42.92406,55.54403,160.0
42.92676,55.54331,157.0
42.93154,55.542,151.0
42.93516,55.54099,147.0
42.9436,55.53862,151.0
42.94875,55.53716,150.0
42.95328,55.5359,142.0
42.95764,55.53468,146.0
42.96111,55.53377,151.0
42.96415,55.53304,151.0
42.96599,55.53263,161.0
42.96901,55.53198,163.0
42.97155,55.53147,163.0
42.97495,55.53082,159.0
42.97699,55.53045,163.0
42.98049,55.5299,154.0
42.98158,55.52974,155.0
42.98383,55.52943,153.0
42.9867,55.52905,154.0
42.98884,55.5288,154.0
42.99086,55.52858,154.0
42.99453,55.52822,152.0
42.99756,55.52796,157.0
43.0002,55.52778,159.0
43.00258,55.52764,158.0
43.00572,55.52748,156.0
43.01068,55.52733,166.0
43.01452,55.52729,162.0
43.02014,55.52732,162.0
43.03463,55.52759,166.0
43.0434,55.52774,173.0
43.05225,55.52789,162.0
43.05606,55.52794,160.0
43.06107,55.52797,159.0
43.06585,55.52798,157.0
43.07029,55.52798,153.0
43.07427,55.52796,153.0
43.07702,55.52795,151.0
43.08729,55.52782,143.0
43.0923,55.52771,155.0
43.09531,55.52764,157.0
43.1022,55.52746,162.0
43.11133,55.52722,156.0
43.11434,55.52714,162.0
43.11879,55.52701,162.0
43.12221,55.52693,163.0
43.12552,55.52688,168.0
43.12835,55.52692,161.0
43.13098,55.52704,166.0
43.13354,55.52724,170.0
43.13602,55.52752,166.0
43.13713,55.52766,165.0
43.13843,55.52783,165.0
43.14057,55.52815,166.0
43.14359,55.52866,162.0
43.1449,55.52891,164.0
43.14662,55.5293,164.0
43.14864,55.52984,168.0
43.15204,55.53079,175.0
43.15327,55.53111,175.0
43.15461,55.53141,178.0
43.1557,55.53163,177.0
43.15844,55.53218,169.0
43.16067,55.53261,175.0
43.16163,55.53275,174.0
43.16447,55.53315,170.0
43.1656,55.53328,171.0
43.16692,55.53339,169.0
43.16884,55.53353,160.0
43.17,55.53362,159.0
43.17095,55.53367,157.0
43.17221,55.5337,152.0
43.17498,55.53374,147.0
43.17655,55.53374,143.0
43.1794,55.53364,134.0
43.18373,55.53341,146.0
43.18764,55.53316,147.0
43.19118,55.53296,152.0
43.19465,55.53271,156.0
43.19865,55.53235,161.0
43.20054,55.53213,162.0
43.20339,55.53173,163.0
43.20779,55.531,173.0
43.21023,55.53057,174.0
43.21289,55.53007,177.0
43.21614,55.52939,180.0
43.21762,55.52904,183.0
43.22041,55.52845,185.0
43.23382,55.52526,180.0
43.23976,55.52384,184.0
43.24793,55.5219,168.0
43.25972,55.51908,175.0
43.26151,55.51867,179.0
43.26589,55.51762,170.0
43.26993,55.51686,163.0
43.27132,55.51661,165.0
43.27399,55.5161,168.0
43.28185,55.51465,179.0
43.29976,55.51195,184.0
43.31126,55.51085,178.0
43.31585,55.51048,179.0
43.32036,55.51014,177.0
43.32147,55.51006,176.0
43.32285,55.50995,168.0
43.33496,55.50943,166.0
43.33913,55.50933,164.0
43.3424,55.50927,164.0
43.34513,55.50931,165.0
43.34666,55.50929,167.0
43.35343,55.50928,161.0
43.35632,55.50932,163.0
43.36807,55.50927,169.0
43.37159,55.50929,159.0
43.38003,55.5092,157.0
43.39448,55.50902,150.0
43.39729,55.50899,149.0
43.39849,55.50897,148.0
43.39964,55.50894,148.0
43.40237,55.50885,159.0
43.40706,55.50871,153.0
43.41157,55.50855,151.0
43.41496,55.50841,160.0
43.42282,55.50808,147.0
43.42674,55.50786,146.0
43.43021,55.50768,145.0
43.43781,55.50725,143.0
43.44153,55.50706,145.0
43.44957,55.50657,147.0
43.46186,55.50584,145.0
43.46598,55.50561,147.0
43.47133,55.50529,146.0
43.48005,55.50479,150.0
43.48371,55.50459,154.0
43.49094,55.50422,156.0
43.49284,55.50412,155.0
43.50484,55.50355,155.0
43.51044,55.5033,154.0
43.5146,55.5031,161.0
43.52992,55.50239,151.0
43.53495,55.50215,163.0
43.54826,55.50155,166.0
43.56349,55.50084,166.0
43.56696,55.50064,164.0
43.57247,55.50039,165.0
43.57809,55.50012,165.0
43.58396,55.49981,166.0
43.59449,55.49929,158.0
43.59683,55.49917,158.0
43.60071,55.49894,165.0
43.60266,55.49881,162.0
43.61035,55.4982,168.0
43.61652,55.4977,166.0
43.6236,55.49713,163.0
43.6401,55.49589,185.0
43.6451,55.49551,179.0
43.64973,55.49516,175.0
43.65275,55.49496,172.0
43.66149,55.49441,169.0
43.68141,55.49325,174.0
43.68529,55.49309,177.0
43.69705,55.49257,168.0
43.70091,55.49262,171.0
43.70841,55.49268,164.0
43.72461,55.49283,164.0
43.73389,55.4929,162.0
43.73947,55.49295,171.0
43.74348,55.493,168.0
43.74792,55.49303,164.0
43.7522,55.49301,171.0
43.75426,55.49301,167.0
43.76024,55.49289,164.0
43.76384,55.49278,167.0
43.76879,55.49263,165.0
43.77773,55.4923,166.0
43.78232,55.49215,176.0
43.78585,55.49203,177.0
43.79908,55.49147,175.0
43.80371,55.49138,174.0
43.80949,55.49146,170.0
43.81288,55.49161,174.0
43.81603,55.49183,167.0
43.81833,55.49202,170.0
43.82067,55.4923,173.0
43.82456,55.4928,176.0
43.82744,55.49326,178.0
43.83058,55.49382,176.0
43.83262,55.49425,179.0
43.83401,55.49457,179.0
43.83938,55.49594,170.0
43.8416,55.49659,171.0
43.84356,55.4973,174.0
43.84687,55.49855,171.0
43.85331,55.50141,175.0
43.85561,55.50231,173.0
43.85703,55.50276,172.0
43.86041,55.5038,164.0
43.86285,55.50442,165.0
43.86546,55.50506,173.0
43.86655,55.50528,173.0
43.86775,55.50549,172.0
43.87271,55.50614,170.0
43.87501,55.50635,168.0
43.87699,55.50649,170.0
43.8793,55.50658,167.0
43.88507,55.50656,162.0
43.88797,55.50642,159.0
43.88879,55.50635,158.0
43.89248,55.50593,144.0
43.89336,55.50587,145.0
43.89616,55.50573,153.0
43.8982,55.50567,145.0
43.90109,55.50566,146.0
43.90205,55.50566,141.0
43.90316,55.50569,142.0
43.90518,55.50581,148.0
43.9073,55.50591,147.0
43.90934,55.50601,142.0
43.9124,55.50617,135.0
43.91569,55.50622,137.0
43.91814,55.5062,138.0
43.9229,55.50596,135.0
43.92576,55.50582,119.0
43.93155,55.5061,129.0
43.9365,55.50615,122.0
43.93929,55.50598,114.0
43.94258,55.50577,126.0
43.94721,55.5051,124.0
43.95092,55.50457,124.0
43.95585,55.5039,124.0
43.95965,55.50356,129.0
43.96345,55.50321,124.0
43.96446,55.50309,117.0
43.96547,55.50297,119.0
43.9675,55.50274,123.0
43.97222,55.50202,143.0
43.97694,55.5013,143.0
43.97972,55.50082,141.0
43.9862,55.49968,153.0
43.99322,55.498,154.0
43.99858,55.49647,143.0
44.00217,55.49526,143.0
44.00572,55.49395,146.0
44.01537,55.48922,146.0
44.01824,55.48776,151.0
44.02255,55.48557,154.0
44.03692,55.47827,159.0
44.04161,55.47622,159.0
44.04708,55.47459,159.0
44.05285,55.47324,157.0
44.05858,55.47241,143.0
44.06495,55.47197,160.0
44.07088,55.47188,156.0
44.08388,55.47185,149.0
44.09774,55.47159,159.0
44.11155,55.47098,173.0
44.11861,55.47047,161.0
44.12619,55.46913,158.0
44.1402,55.46561,164.0
44.14985,55.4625,153.0
44.17299,55.45427,148.0
44.17691,55.45324,150.0
44.18118,55.45263,139.0
44.18699,55.45207,125.0
44.19357,55.45185,120.0
44.22769,55.45214,155.0
44.23716,55.45197,159.0
44.24268,55.45147,164.0
44.24758,55.45083,166.0
44.25221,55.45058,162.0
44.25714,55.45058,157.0
44.26188,55.45075,155.0
44.26897,55.45065,151.0
44.27542,55.45015,147.0
44.28111,55.44916,137.0
44.28646,55.44779,118.0
44.29357,55.44533,129.0
44.29813,55.44387,135.0
44.30267,55.44274,144.0
44.30715,55.44186,146.0
44.31537,55.44092,129.0
44.32026,55.4408,126.0
44.32757,55.44097,114.0
44.33668,55.44131,131.0
44.34448,55.44124,132.0
44.35094,55.44074,121.0
44.36134,55.43946,105.0
44.36775,55.43881,99.0
44.37313,55.43854,114.0
44.3791,55.43872,114.0
44.38548,55.43956,110.0
44.39197,55.44093,105.0
44.40525,55.44419,94.0
44.41275,55.44565,102.0
44.42499,55.4477,105.0
44.42955,55.44867,111.0
44.43435,55.45006,114.0
44.43942,55.45204,135.0
44.4488,55.45726,161.0
44.45594,55.46092,175.0
44.46111,55.46291,178.0
44.46517,55.46422,181.0
44.47005,55.46526,190.0
44.47733,55.46633,180.0
44.48443,55.46743,180.0
44.48985,55.4687,189.0
44.49549,55.47065,195.0
44.50167,55.47306,200.0
44.50896,55.47573,202.0
44.51422,55.47711,196.0
44.52085,55.47847,185.0
44.52971,55.4792,186.0
44.53703,55.47939,172.0
44.54369,55.47946,153.0
44.55035,55.47954,169.0
44.5551,55.47959,159.0
44.56587,55.48007,142.0
44.56979,55.48024,149.0
44.57658,55.48069,177.0
44.58241,55.48107,183.0
44.58797,55.48135,186.0
44.59446,55.48168,165.0
44.59716,55.48167,174.0
44.60256,55.48165,169.0
44.60838,55.48151,179.0
44.61226,55.48141,177.0
44.61718,55.48152,159.0
44.62112,55.48161,169.0
44.62573,55.48202,154.0
44.63491,55.48339,126.0
44.63767,55.4838,143.0
44.64806,55.48566,172.0
44.65687,55.48707,159.0
44.66323,55.48788,181.0
44.66778,55.48815,178.0
44.67416,55.48854,155.0
44.67903,55.48875,173.0
44.68293,55.48892,170.0
44.68585,55.48905,179.0
44.68945,55.48912,174.0
44.69394,55.4892,175.0
44.69813,55.48894,167.0
44.70289,55.4884,162.0
44.7067,55.48797,147.0
44.70849,55.48768,139.0
44.72191,55.48549,170.0
44.73324,55.48366,144.0
44.74107,55.48285,138.0
44.74882,55.48241,116.0
44.75421,55.48195,121.0
44.75941,55.48124,113.0
44.77481,55.47855,137.0
44.78116,55.47744,129.0
44.78297,55.47712,137.0
44.79161,55.4757,149.0
44.80167,55.47492,130.0
44.80738,55.47477,112.0
44.813,55.47463,119.0
44.82322,55.47437,111.0
44.83148,55.47412,106.0
44.83423,55.47403,120.0
44.84089,55.47362,155.0
44.84532,55.47304,169.0
44.85439,55.4707,174.0
44.86016,55.46944,178.0
44.86518,55.46886,190.0
44.8697,55.46857,196.0
44.88052,55.4684,221.0
44.88592,55.46825,219.0
44.88882,55.46803,218.0
44.89075,55.46789,212.0
44.8955,55.46719,208.0
44.90126,55.46603,194.0
44.90788,55.46479,169.0
44.90968,55.46449,162.0
44.91239,55.46405,172.0
44.91759,55.46356,180.0
44.92297,55.46344,174.0
44.92878,55.46366,169.0
44.93865,55.4646,173.0
44.94455,55.46463,163.0
44.95054,55.46431,155.0
44.96449,55.4631,128.0
44.97115,55.46271,124.0
44.97892,55.46237,117.0
44.98269,55.4623,111.0
44.99399,55.46211,145.0
44.99964,55.46201,149.0
45.00812,55.46186,133.0
45.01566,55.46173,104.0
45.02677,55.46149,108.0
45.03423,55.46108,111.0
45.03621,55.46091,109.0
45.04018,55.46059,129.0
45.04315,55.46035,136.0
45.04815,55.46013,142.0
45.05335,55.4602,150.0
45.06554,55.46071,165.0
45.07211,55.46098,157.0
45.07788,55.46116,132.0
45.08077,55.46125,128.0
45.08456,55.46118,130.0
45.0874,55.46112,145.0
45.09135,55.46081,163.0
45.09727,55.46033,169.0
45.10559,55.4596,163.0
45.10981,55.45935,161.0
45.11671,55.45945,152.0
45.1236,55.45954,130.0
45.1282,55.45953,112.0
45.13556,55.45952,125.0
45.14207,55.45923,114.0
45.14382,55.45906,117.0
45.14819,55.45864,138.0
45.15436,55.45748,170.0
45.15989,55.45658,193.0
45.16542,55.45568,192.0
45.17293,55.45448,171.0
45.1784,55.45381,170.0
45.1841,55.45368,167.0
45.19047,55.45435,154.0
45.20141,55.45551,159.0
45.22179,55.46057,149.0
45.23399,55.46171,124.0
45.24233,55.46168,95.0
45.24875,55.46129,86.0
45.257,55.46078,107.0
45.26567,55.4603,113.0
45.27613,55.45974,124.0
45.28454,55.45965,117.0
45.29558,55.45989,99.0
45.30228,55.46037,91.0
45.30539,55.46073,101.0
45.31768,55.46271,82.0
45.32402,55.46302,79.0
45.32983,55.46295,80.0
45.33633,55.46229,79.0
45.34163,55.4612,94.0
45.35888,55.45686,135.0
45.36942,55.45485,137.0
45.37845,55.45382,141.0
45.39077,55.45329,165.0
45.4002,55.45258,173.0
45.40889,55.45169,164.0
45.41372,55.4512,149.0
45.42207,55.45052,160.0
45.43227,55.44969,149.0
45.43783,55.44949,140.0
45.44198,55.44981,137.0
45.45375,55.45173,121.0
45.45895,55.45261,115.0
45.46249,55.45337,134.0
45.46514,55.45393,139.0
45.47046,55.45506,141.0
45.47665,55.45639,125.0
45.4802,55.45714,150.0
45.4864,55.45853,184.0
45.49261,55.45992,183.0
45.49457,55.46041,180.0
45.49697,55.46115,180.0
45.51276,55.46643,146.0
45.51631,55.46763,137.0
45.51844,55.46833,130.0
45.52015,55.46883,127.0
45.52239,55.46942,121.0
45.52655,55.4704,111.0
45.52882,55.47089,109.0
45.52996,55.47112,114.0
45.53273,55.47174,123.0
45.53935,55.47322,109.0
45.54454,55.47432,96.0
45.55286,55.47619,85.0
45.55651,55.47692,78.0
45.56111,55.4777,75.0
45.56501,55.4782,74.0
45.56781,55.47851,73.0
45.57301,55.47893,73.0
45.57672,55.4791,74.0
45.57897,55.47918,71.0
45.58353,55.47918,71.0
45.58515,55.47914,72.0
45.60531,55.47809,78.0
45.61661,55.47757,91.0
45.62817,55.47697,93.0
45.63197,55.47675,92.0
45.63517,55.4765,91.0
45.63853,55.4762,91.0
45.6423,55.47582,86.0
45.65676,55.47415,77.0
45.65855,55.47397,79.0
45.6603,55.47382,77.0
45.66261,55.4737,76.0
45.66475,55.47365,73.0
45.66671,55.47366,73.0
45.66854,55.47372,72.0
45.67403,55.47412,72.0
45.67645,55.47432,74.0
45.68066,55.47447,80.0
45.6832,55.47441,115.0
45.68626,55.47425,130.0
45.68942,55.47399,131.0
45.69213,55.47369,128.0
45.69527,55.47314,125.0
45.69835,55.47251,122.0
45.70198,55.47165,117.0
45.7038,55.47122,118.0
45.70643,55.4705,136.0
45.71345,55.4686,156.0
45.71926,55.46728,169.0
45.72593,55.46645,174.0
45.7336,55.46604,169.0
45.73856,55.46643,169.0
45.75297,55.46791,152.0
45.75802,55.46825,141.0
45.76603,55.46811,119.0
45.77192,55.46768,97.0
45.77339,55.46758,100.0
45.7846,55.46677,149.0
45.79227,55.46606,134.0
45.80347,55.46468,106.0
45.82002,55.46239,102.0
45.8406,55.45955,120.0
45.8566,55.45736,157.0
45.86455,55.45638,161.0
45.86989,55.45609,160.0
45.87768,55.45615,160.0
45.9025,55.4561,147.0
45.93912,55.45597,113.0
45.95658,55.45596,90.0
45.96518,55.45592,77.0
45.9755,55.45572,74.0
45.97866,55.45559,75.0
45.98003,55.45551,77.0
45.98331,55.45526,92.0
45.99063,55.45459,114.0
45.99635,55.45397,126.0
46.0012,55.45334,135.0
46.0058,55.45268,142.0
46.01034,55.45195,148.0
46.02124,55.45019,153.0
46.02267,55.44995,153.0
46.02346,55.44982,153.0
46.02589,55.44946,150.0
46.02865,55.44903,149.0
46.0432,55.44665,129.0
46.05261,55.44524,119.0
46.05971,55.44424,120.0
46.07642,55.44216,102.0
46.08118,55.44157,105.0
46.09168,55.44028,96.0
46.09939,55.43951,84.0
46.10391,55.43912,81.0
46.1085,55.43881,79.0
46.11067,55.43867,75.0
46.11168,55.43862,76.0
46.11816,55.43823,88.0
46.12328,55.43802,96.0
46.12745,55.43794,95.0
46.13046,55.43786,103.0
46.14082,55.43754,130.0
46.16421,55.43691,149.0
46.18662,55.4363,123.0
46.19025,55.43612,112.0
46.19567,55.43567,108.0
46.20028,55.43508,105.0
46.20373,55.43459,95.0
46.20595,55.43419,93.0
46.20964,55.43344,97.0
46.21247,55.43283,96.0
46.21592,55.43197,98.0
46.22044,55.4307,100.0
46.22313,55.42984,98.0
46.22586,55.42889,96.0
46.2289,55.42774,95.0
46.23113,55.42684,95.0
46.23337,55.42586,95.0
46.2362,55.4245,98.0
46.23897,55.42308,103.0
46.24143,55.42166,106.0
46.24378,55.42024,105.0
46.24794,55.41756,100.0
46.25211,55.41488,113.0
46.25792,55.41119,137.0
46.26309,55.40788,148.0
46.26454,55.40688,139.0
46.26547,55.40614,126.0
46.26647,55.40525,108.0
46.2742,55.39813,81.0
46.27965,55.39304,79.0
46.28064,55.39212,83.0
46.28175,55.3912,87.0
46.28365,55.38995,91.0
46.28539,55.38904,88.0
46.28735,55.38825,83.0
46.28917,55.38769,82.0
46.29115,55.3872,83.0
46.29304,55.38686,81.0
46.29517,55.3866,83.0
46.29791,55.38644,82.0
46.30089,55.38636,81.0
46.30356,55.38628,84.0
46.31166,55.38601,83.0
46.31464,55.38593,76.0
46.32016,55.38578,86.0
46.33824,55.3852,76.0
46.34311,55.38507,76.0
46.36054,55.38453,77.0
46.36438,55.38438,82.0
46.36678,55.38435,80.0
46.36995,55.38444,82.0
46.37319,55.38463,80.0
46.37639,55.38494,79.0
46.37899,55.38532,78.0
46.38194,55.38583,80.0
46.38445,55.38638,79.0
46.38679,55.38695,79.0
46.38916,55.38765,77.0
46.39117,55.38828,78.0
46.39337,55.3891,80.0
46.39513,55.3898,80.0
46.3969,55.39063,80.0
46.3989,55.39163,78.0
46.40088,55.3927,77.0
46.40286,55.39398,76.0
46.40397,55.39462,76.0
46.40518,55.39527,79.0
46.40639,55.39591,78.0
46.40846,55.39687,75.0
46.41043,55.39768,74.0
46.4132,55.39871,74.0
46.41602,55.39958,76.0
46.41969,55.40051,73.0
46.4238,55.40129,72.0
46.42771,55.40184,73.0
46.43152,55.40219,72.0
46.43825,55.40259,75.0
46.44594,55.40304,81.0
46.45363,55.40349,76.0
46.46772,55.40461,87.0
46.4684,55.40468,88.0
46.47475,55.40517,86.0
46.47649,55.40532,86.0
46.4794,55.40554,91.0
46.48249,55.40571,100.0
46.48447,55.40574,96.0
46.48762,55.40574,102.0
46.49651,55.40575,99.0
46.49743,55.40575,99.0
46.52431,55.40575,111.0
46.52688,55.4058,115.0
46.52977,55.40581,119.0
46.53458,55.40581,126.0
46.54035,55.40582,132.0
46.5442,55.40583,133.0
46.54716,55.4057,137.0
46.55416,55.40556,149.0
46.56244,55.40506,169.0
46.56788,55.4043,175.0
46.57059,55.40392,167.0
46.57331,55.4034,174.0
46.57692,55.40269,171.0
46.58057,55.40202,173.0
46.60244,55.39797,153.0
46.60954,55.3967,150.0
46.62107,55.39464,138.0
46.62968,55.39327,134.0
46.63517,55.39245,125.0
46.64363,55.39127,114.0
46.64645,55.39087,109.0
46.65093,55.39028,116.0
46.67467,55.3876,137.0
46.69079,55.38627,137.0
46.6941,55.38602,137.0
46.69623,55.38587,134.0
46.70598,55.38522,144.0
46.71937,55.38442,153.0
46.73407,55.38393,174.0
46.75832,55.38374,193.0
46.78106,55.38386,190.0
46.78897,55.3839,190.0
46.81472,55.38414,181.0
46.83389,55.38427,159.0
46.83568,55.38428,157.0
46.84178,55.38431,157.0
46.84648,55.38434,163.0
46.86832,55.38441,170.0
46.87356,55.38452,171.0
46.87824,55.38445,177.0
46.8807,55.38432,176.0
46.88438,55.3841,171.0
46.88779,55.38377,175.0
46.89263,55.38317,171.0
46.89702,55.3825,171.0
46.90184,55.38178,167.0
46.90922,55.37982,159.0
46.91201,55.379,150.0
46.91729,55.37751,150.0
46.91966,55.37662,152.0
46.92212,55.37565,167.0
46.92496,55.37439,166.0
46.92714,55.37334,167.0
46.9293,55.37224,173.0
46.9327,55.37041,186.0
46.94204,55.36521,202.0
46.94475,55.36378,202.0
46.94754,55.36239,202.0
46.94928,55.36159,201.0
46.95104,55.36081,196.0
46.9538,55.35966,193.0
46.95731,55.35835,182.0
46.96029,55.35733,175.0
46.96255,55.35661,178.0
46.96482,55.35593,177.0
46.967,55.35532,176.0
46.96918,55.35474,172.0
46.97266,55.3539,163.0
46.97372,55.35366,158.0
46.97625,55.35315,163.0
46.97804,55.35282,163.0
46.97985,55.35249,163.0
46.98169,55.35219,164.0
46.98405,55.35181,160.0
46.98645,55.35148,160.0
46.98881,55.35119,160.0
46.99114,55.35095,162.0
46.99361,55.35073,162.0
46.9961,55.35053,163.0
46.99843,55.35039,165.0
47.00076,55.35028,162.0
47.00312,55.3502,162.0
47.00549,55.35016,160.0
47.00787,55.35016,160.0
47.01024,55.35019,165.0
47.0121,55.35023,164.0
47.02104,55.35049,155.0
47.04423,55.3512,130.0
47.05969,55.35166,155.0
47.06991,55.35198,162.0
47.07147,55.35202,161.0
47.07303,55.35204,158.0
47.0751,55.35202,151.0
47.07612,55.352,146.0
47.07826,55.3519,144.0
47.0794,55.35182,143.0
47.08051,55.35173,143.0
47.0828,55.3515,144.0
47.08396,55.35136,145.0
47.08627,55.35101,144.0
47.09033,55.35036,148.0
47.10886,55.34732,190.0
47.1106,55.34703,188.0
47.12065,55.34538,189.0
47.12561,55.34455,186.0
47.13053,55.34366,179.0
47.13284,55.34322,174.0
47.15133,55.33947,146.0
47.15821,55.33809,144.0
47.16114,55.3375,139.0
47.16432,55.33695,137.0
47.16597,55.33671,138.0
47.16769,55.33652,135.0
47.16937,55.33636,132.0
47.17108,55.33623,132.0
47.17256,55.33615,131.0
47.17403,55.3361,130.0
47.17561,55.33607,130.0
47.17707,55.33607,130.0
47.1785,55.33609,129.0
47.18278,55.33623,123.0
47.1885,55.3364,124.0
47.19153,55.3365,121.0
47.19252,55.33654,122.0
47.19352,55.33659,120.0
47.1955,55.33672,118.0
47.20529,55.33771,127.0
47.22475,55.33968,117.0
47.22632,55.33982,118.0
47.22984,55.34007,120.0
47.23335,55.34015,120.0
47.23548,55.34015,119.0
47.23782,55.34004,119.0
47.23991,55.33992,119.0
47.24159,55.33979,120.0
47.24333,55.3396,122.0
47.24549,55.33932,118.0
47.24759,55.339,113.0
47.26401,55.33631,112.0
47.26824,55.33561,109.0
47.27144,55.33509,109.0
47.27323,55.33486,111.0
47.27439,55.33473,111.0
47.27546,55.33463,112.0
47.27686,55.33452,112.0
47.27825,55.33442,114.0
47.28179,55.33426,116.0
47.29343,55.33382,108.0
47.29485,55.33376,107.0
47.29818,55.33361,111.0
47.30152,55.33344,118.0
47.3034,55.33334,123.0
47.30534,55.33317,125.0
47.30725,55.33298,121.0
47.3092,55.33273,118.0
47.32491,55.33025,149.0
47.32977,55.32951,152.0
47.33217,55.32923,153.0
47.33343,55.32911,154.0
47.33465,55.32902,152.0
47.33679,55.32888,152.0
47.33899,55.32878,152.0
47.34332,55.32862,151.0
47.34998,55.32814,137.0
47.35809,55.32787,123.0
47.36364,55.32775,115.0
47.36554,55.32757,116.0
47.37262,55.32654,145.0
47.38775,55.32513,147.0
47.39523,55.3247,138.0
47.39901,55.32477,128.0
47.40667,55.32503,136.0
47.41588,55.32531,169.0
47.42229,55.32523,177.0
47.43765,55.3248,191.0
47.44173,55.32496,190.0
47.44437,55.32519,192.0
47.44756,55.32553,192.0
47.45072,55.32598,188.0
47.45522,55.32695,181.0
47.45959,55.32798,183.0
47.46606,55.32944,184.0
47.47,55.32994,184.0
47.47286,55.33021,188.0
47.47396,55.33027,187.0
47.48022,55.33033,186.0
47.48539,55.33014,188.0
47.49446,55.32911,178.0
47.50488,55.32796,161.0
47.50817,55.32777,169.0
47.51348,55.32772,157.0
47.52169,55.32804,172.0
47.52904,55.32797,165.0
47.53485,55.32785,174.0
47.55554,55.32679,178.0
47.5581,55.32666,179.0
47.55981,55.32657,181.0
47.56029,55.32653,181.0
47.56263,55.32642,189.0
47.56659,55.3262,185.0
47.58253,55.32539,180.0
47.5929,55.32486,182.0
47.60044,55.32447,176.0
47.60233,55.32437,172.0
47.60724,55.32422,168.0
47.6097,55.3242,165.0
47.61218,55.32426,172.0
47.614,55.32438,172.0
47.62035,55.3248,164.0
47.62325,55.32499,167.0
47.62615,55.32517,151.0
47.62905,55.32535,149.0
47.6336,55.32563,162.0
47.64077,55.32607,157.0
47.64257,55.32618,153.0
47.64459,55.32631,143.0
47.64761,55.32651,142.0
47.64915,55.32659,145.0
47.66898,55.32781,159.0
47.67087,55.32798,154.0
47.68272,55.32873,140.0
47.688,55.32905,127.0
47.69043,55.32917,132.0
47.69234,55.32925,131.0
47.69482,55.32933,129.0
47.69743,55.32938,126.0
47.70047,55.32942,122.0
47.71155,55.32947,121.0
47.71262,55.32948,120.0
47.71384,55.3295,119.0
47.715,55.32955,118.0
47.71653,55.32963,118.0
47.71771,55.32972,118.0
47.71924,55.32985,116.0
47.72015,55.32994,115.0
47.72155,55.33011,113.0
47.7224,55.33022,112.0
47.72307,55.33031,111.0
47.72507,55.33063,108.0
47.72575,55.33075,106.0
47.727,55.33099,104.0
47.72842,55.33129,102.0
47.72912,55.33145,101.0
47.74053,55.33414,89.0
47.74224,55.33456,85.0
47.7428,55.33468,86.0
47.75639,55.33788,144.0
47.75799,55.33825,151.0
47.75964,55.33862,154.0
47.76061,55.33884,154.0
47.76305,55.33935,157.0
47.77456,55.34165,165.0
47.77516,55.34176,164.0
47.77981,55.34269,159.0
47.78154,55.34304,159.0
47.78386,55.34355,159.0
47.78614,55.34408,159.0
47.78767,55.34445,160.0
47.78907,55.34481,160.0
47.79021,55.34511,155.0
47.79783,55.3472,152.0
47.79878,55.34746,152.0
47.80244,55.34847,149.0
47.80395,55.34885,148.0
47.80513,55.34912,150.0
47.80597,55.34929,150.0
47.80665,55.34944,148.0
47.80745,55.3496,147.0
47.80901,55.34988,148.0
47.81086,55.35017,147.0
47.81134,55.35023,147.0
47.81271,55.35041,145.0
47.81409,55.35056,144.0
47.82567,55.35172,139.0
47.8266,55.35181,138.0
47.82733,55.3519,137.0
47.829,55.35212,137.0
47.82948,55.35218,138.0
47.83026,55.35231,137.0
47.83126,55.35248,135.0
47.83224,55.35266,134.0
47.83388,55.35299,133.0
47.83504,55.35323,133.0
47.83652,55.35359,133.0
47.83761,55.35387,131.0
47.83901,55.35426,131.0
47.84039,55.35468,132.0
47.84344,55.35564,129.0
47.84488,55.35607,128.0
47.85333,55.3587,120.0
47.85686,55.35979,104.0
47.85775,55.36008,100.0
47.85834,55.36025,98.0
47.86084,55.36103,80.0
47.86617,55.36268,73.0
47.86775,55.36313,72.0
47.86911,55.36349,73.0
47.87027,55.36377,73.0
47.87165,55.36407,72.0
47.873,55.36435,72.0
47.87436,55.3646,72.0
47.87543,55.36477,72.0
47.87695,55.365,74.0
47.87766,55.36509,73.0
47.87931,55.36529,73.0
47.8802,55.36538,73.0
47.88099,55.36545,73.0
47.88271,55.36558,73.0
47.89589,55.36636,119.0
47.89642,55.36639,119.0
47.89778,55.36651,121.0
47.89948,55.36668,123.0
47.90087,55.36685,128.0
47.90218,55.36703,131.0
47.90279,55.36712,132.0
47.90439,55.36739,135.0
47.90488,55.36747,136.0
47.9065,55.36779,135.0
47.90721,55.36794,135.0
47.90808,55.36813,135.0
47.9399,55.37541,187.0
47.95887,55.37973,184.0
47.96093,55.38019,183.0
47.96261,55.38055,183.0
47.96538,55.38111,182.0
47.96689,55.3814,181.0
47.96912,55.38182,182.0
47.97133,55.38221,181.0
47.97259,55.38242,181.0
48.00476,55.38781,146.0
48.04016,55.39371,128.0
48.04102,55.39385,126.0
48.04177,55.39396,129.0
48.04358,55.39419,130.0
48.0445,55.39429,132.0
48.04644,55.39447,134.0
48.04803,55.39459,134.0
48.04936,55.39466,136.0
48.05115,55.39472,138.0
48.05259,55.39474,138.0
48.05355,55.39474,141.0
48.05467,55.39472,143.0
48.07758,55.39423,150.0
48.07855,55.3942,148.0
48.08062,55.39413,147.0
48.08229,55.39404,145.0
48.08364,55.39396,145.0
48.08534,55.39383,144.0
48.08688,55.3937,144.0
48.10271,55.3922,146.0
48.10349,55.39214,147.0
48.10473,55.39206,147.0
48.10529,55.39202,146.0
48.10653,55.39197,147.0
48.10818,55.39192,150.0
48.10946,55.3919,151.0
48.11124,55.39192,151.0
48.11295,55.39197,151.0
48.11401,55.39201,151.0
48.11479,55.39206,152.0
48.11642,55.39217,152.0
48.11797,55.39231,153.0
48.11995,55.39253,152.0
48.12091,55.39266,152.0
48.12187,55.3928,150.0
48.12313,55.393,149.0
48.12439,55.39322,149.0
48.12504,55.39334,149.0
48.12678,55.3937,152.0
48.12829,55.39405,154.0
48.129,55.39422,155.0
48.13016,55.39453,156.0
48.13188,55.39502,158.0
48.13343,55.3955,160.0
48.13461,55.3959,159.0
48.13551,55.39622,159.0
48.13641,55.39656,158.0
48.13738,55.39695,156.0
48.13872,55.39751,156.0
48.13984,55.39802,154.0
48.14089,55.39853,155.0
48.14204,55.39912,155.0
48.14274,55.39949,154.0
48.14367,55.40002,152.0
48.1447,55.40063,151.0
48.14645,55.40175,149.0
48.14811,55.40285,148.0
48.15532,55.40756,133.0
48.15595,55.40796,132.0
48.15678,55.40846,132.0
48.15758,55.40893,131.0
48.15848,55.40943,129.0
48.159,55.4097,128.0
48.16011,55.41026,127.0
48.16126,55.41081,127.0
48.16205,55.41116,127.0
48.16272,55.41145,126.0
48.16358,55.41181,125.0
48.16487,55.41231,125.0
48.16606,55.41274,123.0
48.16723,55.41315,121.0
48.16772,55.4133,120.0
48.16937,55.41381,117.0
48.17093,55.41424,115.0
48.17197,55.41451,114.0
48.1727,55.41469,112.0
48.17419,55.41503,110.0
48.1757,55.41534,109.0
48.17654,55.41549,107.0
48.17773,55.4157,105.0
48.17854,55.41583,104.0
48.17982,55.41602,103.0
48.1808,55.41615,101.0
48.18165,55.41625,100.0
48.18303,55.41639,100.0
48.20405,55.41842,100.0
48.21632,55.4196,77.0
48.24902,55.42275,74.0
48.25023,55.42285,76.0
48.25136,55.42293,76.0
48.2534,55.42303,77.0
48.25468,55.42307,78.0
48.25553,55.42308,77.0
48.25673,55.42309,77.0
48.2576,55.42308,78.0
48.25877,55.42306,79.0
48.2601,55.42301,76.0
48.26111,55.42296,77.0
48.26227,55.42289,79.0
48.26393,55.42275,81.0
48.26507,55.42264,84.0
48.26598,55.42254,87.0
48.26752,55.42235,93.0
48.26843,55.42222,94.0
48.26945,55.42206,95.0
48.27045,55.42189,98.0
48.27189,55.42162,101.0
48.27304,55.42139,104.0
48.27372,55.42124,106.0
48.28465,55.41867,128.0
48.29193,55.41696,122.0
48.29493,55.41625,127.0
48.29636,55.41594,130.0
48.29732,55.41575,131.0
48.29851,55.41553,132.0
48.29999,55.41528,134.0
48.30083,55.41515,134.0
48.30183,55.41501,135.0
48.30336,55.41482,137.0
48.30418,55.41473,136.0
48.3054,55.41462,136.0
48.3064,55.41453,138.0
48.30784,55.41444,137.0
48.30931,55.41437,135.0
48.30994,55.41434,135.0
48.31074,55.41432,133.0
48.31202,55.4143,129.0
48.31548,55.4143,115.0
48.32044,55.4143,134.0
48.32944,55.41431,140.0
48.3419,55.41431,122.0
48.34347,55.41433,115.0
48.34453,55.41436,117.0
48.34593,55.41443,123.0
48.34674,55.41447,128.0
48.34808,55.41457,132.0
48.34904,55.41465,135.0
48.34999,55.41474,139.0
48.35125,55.41488,142.0
48.35274,55.41508,142.0
48.35472,55.41538,141.0
48.35546,55.41551,142.0
48.35707,55.4158,143.0
48.35817,55.41603,144.0
48.35954,55.41634,145.0
48.36068,55.41661,144.0
48.36203,55.41697,145.0
48.36345,55.41737,143.0
48.37414,55.42055,139.0
48.37564,55.42096,137.0
48.37705,55.42132,139.0
48.37809,55.42156,138.0
48.37937,55.42184,139.0
48.38095,55.42215,140.0
48.3821,55.42235,141.0
48.41043,55.42717,92.0
48.41359,55.42771,108.0
48.41684,55.42825,112.0
48.41737,55.42833,115.0
48.41884,55.42853,119.0
48.41973,55.42864,122.0
48.4214,55.42881,127.0
48.42221,55.42888,130.0
48.42381,55.429,133.0
48.42532,55.42908,136.0
48.42648,55.42913,141.0
48.42762,55.42916,142.0
48.42824,55.42917,142.0
48.42932,55.42917,143.0
48.43079,55.42915,143.0
48.43208,55.42912,142.0
48.43307,55.42907,142.0
48.43444,55.429,140.0
48.44947,55.428,126.0
48.45612,55.42756,107.0
48.46072,55.42725,89.0
48.46492,55.42697,69.0
48.46768,55.42679,67.0
48.47089,55.42657,60.0
48.47261,55.42648,60.0
48.47406,55.42643,60.0
48.47484,55.42642,59.0
48.47596,55.42641,59.0
48.47769,55.42642,58.0
48.47843,55.42644,59.0
48.47947,55.42647,59.0
48.48051,55.42652,59.0
48.4817,55.42659,58.0
48.48278,55.42667,58.0
48.48404,55.42678,58.0
48.48536,55.42692,59.0
48.48608,55.427,57.0
48.48783,55.42724,57.0
48.48904,55.42742,57.0
48.49911,55.42902,56.0
48.50085,55.42929,55.0
48.50212,55.42946,56.0
48.50393,55.42967,55.0
48.50549,55.42982,56.0
48.50671,55.42991,56.0
48.50779,55.42998,55.0
48.50974,55.43007,55.0
48.51199,55.43012,56.0
48.53849,55.43065,55.0
48.53945,55.43068,54.0
48.54057,55.43073,54.0
48.54236,55.43084,56.0
48.54322,55.43091,57.0
48.54412,55.431,56.0
48.54553,55.43114,56.0
48.54665,55.43128,57.0
48.54775,55.43143,59.0
48.54951,55.4317,60.0
48.56932,55.4351,57.0
48.57046,55.4353,55.0
48.57229,55.43567,55.0
48.57419,55.4361,60.0
48.5754,55.4364,63.0
48.57724,55.4369,62.0
48.57802,55.43713,62.0
48.57904,55.43746,61.0
48.58036,55.4379,58.0
48.58146,55.4383,56.0
48.58299,55.43889,60.0
48.58631,55.44023,60.0
48.59282,55.44287,71.0
48.59404,55.44337,89.0
48.59667,55.44444,94.0
48.59807,55.445,110.0
48.5987,55.44525,119.0
48.59996,55.44572,127.0
48.60142,55.44622,132.0
48.60208,55.44643,135.0
48.60356,55.44688,141.0
48.60494,55.44727,137.0
48.60667,55.44771,129.0
48.60737,55.44788,123.0
48.6086,55.44815,114.0
48.61,55.44843,110.0
48.61211,55.44883,130.0
48.61372,55.44913,155.0
48.61653,55.44966,171.0
48.62009,55.45033,162.0
48.62869,55.45194,185.0
48.6359,55.45329,191.0
48.63822,55.45374,191.0
48.63909,55.45392,191.0
48.64033,55.45419,194.0
48.64191,55.45455,192.0
48.64401,55.45506,192.0
48.64555,55.45547,192.0
48.64707,55.4559,192.0
48.64844,55.4563,192.0
48.64976,55.45671,192.0
48.65109,55.45714,194.0
48.65172,55.45735,192.0
48.65351,55.45798,194.0
48.65481,55.45846,194.0
48.65606,55.45894,194.0
48.65788,55.45968,195.0
48.65957,55.46041,194.0
48.66062,55.46089,194.0
48.66226,55.46166,193.0
48.66334,55.4622,193.0
48.66501,55.46307,193.0
48.66599,55.46361,191.0
48.66684,55.46409,191.0
48.66819,55.46488,193.0
48.66951,55.46571,192.0
48.67076,55.46652,191.0
48.67175,55.4672,188.0
48.67221,55.46753,188.0
48.67344,55.46843,185.0
48.67456,55.4693,181.0
48.67564,55.47018,179.0
48.67649,55.47091,175.0
48.67743,55.47176,171.0
48.67841,55.47268,167.0
48.67939,55.47366,159.0
48.68031,55.47464,147.0
48.68118,55.47564,144.0
48.68191,55.47651,143.0
48.68234,55.47707,140.0
48.68285,55.47773,137.0
48.68359,55.47878,134.0
48.68419,55.47969,146.0
48.68473,55.48057,160.0
48.6853,55.48156,161.0
48.68562,55.48215,160.0
48.68615,55.4832,156.0
48.68646,55.4839,154.0
48.68682,55.48473,153.0
48.6871,55.48547,152.0
48.68755,55.48677,149.0
48.68775,55.48741,147.0
48.68806,55.48858,147.0
48.68821,55.48924,146.0
48.68844,55.49051,143.0
48.69024,55.5017,104.0
48.69034,55.50238,101.0
48.69058,55.50389,96.0
48.69067,55.50432,94.0
48.69072,55.50472,94.0
48.69099,55.50638,95.0
48.69124,55.50795,108.0
48.69147,55.50929,133.0
48.69155,55.50972,135.0
48.69178,55.51068,144.0
48.6919,55.51112,146.0
48.69216,55.51196,147.0
48.69241,55.51269,148.0
48.69265,55.51331,147.0
48.69303,55.51419,145.0
48.69354,55.51524,145.0
48.6938,55.51573,143.0
48.69422,55.51647,142.0
48.69463,55.51714,140.0
48.69525,55.51808,136.0
48.69589,55.51898,132.0
48.69633,55.51955,129.0
48.69715,55.52054,124.0
48.69762,55.52109,123.0
48.69806,55.52157,120.0
48.69894,55.52249,119.0
48.6994,55.52294,116.0
48.69998,55.52348,112.0
48.70039,55.52386,110.0
48.70119,55.52455,105.0
48.70259,55.52573,98.0
48.70785,55.5301,97.0
48.70882,55.53093,93.0
48.70982,55.53186,95.0
48.71057,55.5326,95.0
48.71126,55.53334,94.0
48.7119,55.5341,95.0
48.71246,55.53479,94.0
48.71299,55.53551,93.0
48.71332,55.53598,92.0
48.71384,55.53679,92.0
48.71415,55.53731,92.0
48.71511,55.53876,93.0
48.71577,55.54056,93.0
48.71648,55.54317,92.0
48.71756,55.54596,84.0
48.71793,55.54668,83.0
48.71896,55.54836,78.0
48.71971,55.54941,76.0
48.72098,55.55094,75.0
48.72217,55.5522,75.0
48.72263,55.55265,74.0
48.72312,55.55311,74.0
48.72462,55.5544,75.0
48.7257,55.55524,72.0
48.72668,55.55594,72.0
48.72787,55.55675,72.0
48.72978,55.55793,74.0
48.73435,55.56064,78.0
48.73589,55.56156,76.0
48.73679,55.56208,73.0
48.74059,55.56409,66.0
48.74524,55.56646,69.0
48.74608,55.56689,71.0
48.74842,55.56801,74.0
48.75271,55.56971,73.0
48.75506,55.5707,76.0
48.75594,55.57101,76.0
48.7597,55.57236,81.0
48.76111,55.57298,90.0
48.76243,55.57368,96.0
48.76363,55.57447,120.0
48.76479,55.57527,144.0
48.76569,55.57586,154.0
48.76665,55.5764,156.0
48.76782,55.57697,155.0
48.76907,55.57748,155.0
48.77074,55.57805,148.0
48.77194,55.57841,137.0
48.77318,55.57868,140.0
48.77529,55.57906,136.0
48.77878,55.57959,143.0
48.78512,55.58051,175.0
48.78715,55.58078,178.0
48.78902,55.58097,182.0
48.79151,55.58121,183.0
48.80675,55.5826,177.0
48.80812,55.58274,180.0
48.81544,55.58361,194.0
48.81801,55.58393,188.0
48.82705,55.58503,168.0
48.83021,55.58538,158.0
48.83238,55.58555,150.0
48.83783,55.5859,132.0
48.84021,55.58604,133.0
48.84892,55.58659,163.0
48.85147,55.58674,179.0
48.85572,55.58699,193.0
48.85944,55.58722,187.0
48.86125,55.58728,187.0
48.86331,55.58729,195.0
48.86511,55.58726,201.0
48.86777,55.58716,202.0
48.8752,55.58681,205.0
48.88259,55.58643,198.0
48.88431,55.58634,198.0
48.88662,55.58622,195.0
48.89053,55.58606,198.0
48.89904,55.58561,193.0
48.89989,55.58558,193.0
48.90252,55.58544,190.0
48.90486,55.58525,181.0
48.90738,55.58495,177.0
48.90873,55.58477,175.0
48.91017,55.58454,176.0
48.912,55.58421,170.0
48.91462,55.58368,166.0
48.92203,55.58208,179.0
48.92485,55.58145,188.0
48.92798,55.58061,192.0
48.93,55.58,191.0
48.93224,55.57922,193.0
48.9358,55.57781,186.0
48.93849,55.57673,176.0
48.94072,55.57589,171.0
48.94306,55.57513,167.0
48.94651,55.57418,166.0
48.94865,55.57366,168.0
48.95079,55.57322,168.0
48.95356,55.57275,165.0
48.95664,55.57231,161.0
48.9612,55.57191,154.0
48.96426,55.57177,151.0
48.96617,55.57173,149.0
48.96811,55.57175,146.0
48.97244,55.57192,149.0
48.97499,55.57219,139.0
48.97584,55.57228,122.0
49.02841,55.57705,62.0
49.02952,55.57716,66.0
49.03388,55.57754,64.0
49.03501,55.57762,67.0
49.03582,55.57765,71.0
49.03688,55.57767,91.0
49.03757,55.57766,107.0
49.03819,55.57764,118.0
49.03934,55.57758,127.0
49.04013,55.57751,130.0
49.04085,55.57743,130.0
49.04192,55.57728,135.0
49.04316,55.57707,138.0
49.04538,55.57666,142.0
49.04703,55.57633,144.0
49.04741,55.57627,145.0
49.04937,55.5759,139.0
49.06612,55.57271,132.0
49.07035,55.57191,126.0
49.07267,55.57142,123.0
49.07469,55.57104,120.0
49.07664,55.57071,119.0
49.0786,55.57043,114.0
49.08084,55.57016,115.0
49.08278,55.56998,115.0
49.08424,55.56988,116.0
49.08621,55.56977,115.0
49.08803,55.56972,113.0
49.08905,55.56971,114.0
49.09007,55.56971,113.0
49.09239,55.56975,102.0
49.09368,55.56981,100.0
49.09547,55.56991,98.0
49.09763,55.57001,98.0
49.10478,55.57037,95.0
49.10823,55.57053,101.0
49.11437,55.57084,86.0
49.11892,55.57106,83.0
49.12145,55.57118,83.0
49.12531,55.57138,77.0
49.1294,55.57158,72.0
49.13193,55.57172,72.0
49.13378,55.57185,70.0
49.13604,55.57209,72.0
49.13777,55.57229,73.0
49.142,55.57289,72.0
49.14388,55.57317,72.0
49.14752,55.57369,69.0
49.15088,55.57418,71.0
49.15357,55.57456,78.0
49.15756,55.57514,72.0
49.16404,55.57607,66.0
49.16837,55.57668,73.0
49.17371,55.57744,80.0
49.17514,55.57761,82.0
49.17649,55.57777,82.0
49.17832,55.57794,86.0
49.18004,55.57807,89.0
49.18144,55.57815,90.0
49.18295,55.57819,85.0
49.18443,55.57821,81.0
49.18654,55.5782,82.0
49.18809,55.57816,84.0
49.19033,55.57805,80.0
49.19237,55.57792,75.0
49.19363,55.5778,72.0
49.19532,55.57761,72.0
49.19656,55.57744,72.0
49.19919,55.57705,71.0
49.20329,55.57625,71.0
49.20714,55.57549,69.0
49.21565,55.57375,71.0
49.21805,55.57325,70.0
49.22086,55.57269,78.0
49.22398,55.57204,77.0
49.22532,55.57175,75.0
49.22767,55.57116,74.0
49.23018,55.57048,71.0
49.23161,55.57013,72.0
49.23378,55.56967,72.0
49.23641,55.56919,72.0
49.23788,55.56896,71.0
49.23931,55.56876,73.0
49.24104,55.56858,74.0
49.24278,55.56839,75.0
49.24458,55.56825,74.0
49.24561,55.56819,75.0
49.24653,55.56814,76.0
49.24762,55.56807,74.0
49.25351,55.56773,75.0
49.25507,55.56761,79.0
49.25679,55.56745,81.0
49.25856,55.56725,80.0
49.26003,55.56705,79.0
49.2613,55.56686,84.0
49.26301,55.56656,87.0
49.26477,55.56621,87.0
49.26606,55.56593,92.0
49.26757,55.56556,93.0
49.26903,55.56518,93.0
49.27041,55.56479,94.0
49.27215,55.56424,94.0
49.27389,55.56365,94.0
49.2754,55.5631,93.0
49.27696,55.56245,97.0
49.27832,55.56186,97.0
49.27954,55.56128,99.0
49.28105,55.5605,100.0
49.28256,55.55966,100.0
49.28402,55.5588,98.0
49.28638,55.55714,99.0
49.2887,55.55542,96.0
49.28973,55.55478,97.0
49.29084,55.55421,95.0
49.29167,55.55383,96.0
49.29249,55.55349,96.0
49.29324,55.55322,94.0
49.29424,55.55289,93.0
49.29525,55.55262,94.0
49.29649,55.55232,93.0
49.29753,55.55211,92.0
49.29858,55.55194,91.0
49.29954,55.55183,88.0
49.30146,55.55164,87.0
49.30468,55.55138,78.0
49.30676,55.55118,65.0
49.30849,55.55105,56.0
49.31048,55.55095,55.0
49.31254,55.5509,55.0
49.31432,55.5509,54.0
49.31618,55.55094,55.0
49.31745,55.55098,54.0
49.31888,55.55105,53.0
49.32115,55.55122,53.0
49.32258,55.55136,53.0
49.32468,55.5516,54.0
49.32649,55.55186,53.0
49.32791,55.55209,53.0
49.32909,55.5523,53.0
49.33074,55.55264,53.0
49.3333,55.55319,52.0
49.34288,55.55534,53.0
49.34611,55.55609,53.0
49.34812,55.55659,52.0
49.3505,55.55725,52.0
49.35258,55.5579,54.0
49.35456,55.55861,55.0
49.35621,55.55927,54.0
49.35752,55.55986,53.0
49.35919,55.56063,53.0
49.36022,55.56112,53.0
49.36186,55.56199,55.0
49.3635,55.56295,53.0
49.37216,55.56826,53.0
49.37364,55.56912,55.0
49.37439,55.56952,55.0
49.3751,55.56986,55.0
49.37595,55.57023,54.0
49.3767,55.57052,54.0
49.3776,55.57082,54.0
49.37843,55.57107,54.0
49.3793,55.5713,54.0
49.37993,55.57146,54.0
49.3813,55.57173,53.0
49.38203,55.57185,54.0
49.38295,55.57197,55.0
49.38379,55.57206,54.0
49.38464,55.57214,55.0
49.38555,55.57218,55.0
49.3864,55.57221,54.0
49.38726,55.57221,55.0
49.38822,55.57218,56.0
49.38918,55.57213,56.0
49.38991,55.57208,54.0
49.39135,55.57191,55.0
49.39207,55.57181,54.0
49.39263,55.57171,54.0
49.39387,55.57146,54.0
49.39449,55.57132,54.0
49.39517,55.57114,56.0
49.39647,55.57075,54.0
49.39709,55.57055,53.0
49.3977,55.57032,53.0
49.3983,55.57008,52.0
49.39933,55.56965,50.0
49.4007,55.56903,51.0
49.40621,55.56661,55.0
49.40789,55.56592,63.0
49.40986,55.56519,67.0
49.41111,55.56479,66.0
49.41418,55.56393,59.0
49.41565,55.56356,59.0
49.41675,55.56331,59.0
49.41822,55.56299,59.0
49.41945,55.56274,62.0
49.4202,55.5626,63.0
49.42105,55.56246,60.0
49.42704,55.56161,64.0
49.42921,55.5613,66.0
49.43014,55.56114,65.0
49.431,55.56097,66.0
49.43191,55.56077,68.0
49.43418,55.56023,66.0
49.43725,55.55932,70.0
49.43844,55.55899,68.0
49.44061,55.55849,58.0
49.44261,55.55804,60.0
49.44383,55.55781,59.0
49.4456,55.55749,60.0
49.44932,55.55692,65.0
49.4502,55.55677,67.0
49.45106,55.55662,70.0
49.45224,55.5564,74.0
49.45342,55.55616,75.0
49.45463,55.55591,76.0
49.45579,55.55563,78.0
49.45719,55.55528,80.0
49.45854,55.55492,82.0
49.46057,55.55435,93.0
49.46245,55.55385,94.0
49.46316,55.55368,95.0
49.46459,55.55335,98.0
49.46604,55.55304,101.0
49.4671,55.55285,99.0
49.46889,55.55256,95.0
49.46987,55.55244,91.0
49.47175,55.55221,86.0
49.47314,55.55206,85.0
49.47454,55.55192,85.0
49.47617,55.55179,88.0
49.47784,55.5517,89.0
49.48168,55.55152,89.0
49.48518,55.55135,91.0
49.48996,55.55108,91.0
49.49199,55.55098,91.0
49.49371,55.55091,90.0
49.49452,55.55089,90.0
49.49531,55.55089,91.0
49.49603,55.55091,91.0
49.49669,55.55094,91.0
49.49764,55.55101,90.0
49.49857,55.55111,89.0
49.50015,55.55133,91.0
49.50127,55.55152,91.0
49.50175,55.55162,93.0
49.50255,55.55183,93.0
49.50336,55.55203,93.0
49.50414,55.55226,94.0
49.50603,55.55289,94.0
49.50741,55.55344,99.0
49.50807,55.55368,99.0
49.50903,55.55403,95.0
49.51079,55.55463,94.0
49.51549,55.55633,91.0
49.5221,55.55888,75.0
49.53515,55.56367,110.0
49.54982,55.56915,103.0
49.55085,55.56964,106.0
49.55278,55.57082,119.0
49.55499,55.57257,126.0
49.55698,55.57511,118.0
49.55783,55.57608,118.0
49.55952,55.57802,127.0
49.56114,55.57991,130.0
49.56222,55.58069,132.0
49.56724,55.58416,140.0
49.57351,55.58716,148.0
49.57957,55.58917,148.0
49.58329,55.59022,150.0
49.58853,55.59132,145.0
49.59319,55.5922,143.0
49.59883,55.59294,144.0
49.60082,55.59302,142.0
49.6048,55.59318,146.0
49.60772,55.59329,150.0
49.6106,55.59358,150.0
49.6131,55.59388,152.0
49.6169,55.59478,152.0
49.61888,55.59548,148.0
49.62058,55.59624,138.0
49.62328,55.59733,151.0
49.6254,55.59808,160.0
49.6277,55.59865,164.0
49.62953,55.59897,161.0
49.6309,55.59911,156.0
49.63343,55.59937,169.0
49.63522,55.59959,170.0
49.63638,55.59976,172.0
49.63738,55.59998,173.0
49.63829,55.6002,175.0
49.63911,55.60044,178.0
49.64042,55.60079,180.0
49.64306,55.60156,186.0
49.64603,55.60241,188.0
49.64777,55.60287,190.0
49.64928,55.60314,190.0
49.66174,55.60587,184.0
49.66862,55.60724,173.0
49.67488,55.60884,177.0
49.68162,55.61104,174.0
49.68737,55.61354,160.0
49.69135,55.61472,139.0
49.69353,55.61516,139.0